commodity,month,avg_price
Bananas,8/1/2020,8
Bananas,1/1/2021,13.22875
Bananas,2/1/2021,13.49666667
Bananas,3/1/2021,11.6635
Bananas,4/1/2021,12.95083333
Bananas,5/1/2021,11.979
Bananas,6/1/2021,12.3
Bananas,7/1/2021,13
Bananas,8/1/2021,12.47666667
Bananas,9/1/2021,11.695
Bananas,10/1/2021,11.7625
Bananas,11/1/2021,11.73
Bananas,12/1/2021,10
Bananas,1/1/2022,13.24636364
Bananas,2/1/2022,16.66666667
Bananas,3/1/2022,10
Bananas,11/1/2022,10
Bananas,1/1/2023,13.33333333
Bananas,2/1/2023,17.5
Bananas,3/1/2023,20
Bananas,4/1/2023,14.832
Bananas,5/1/2023,13.65666667
Bananas,6/1/2023,20
Bananas,7/1/2023,15.5
Bananas,10/1/2023,14.466
Bananas,11/1/2023,15.505
Bananas,12/1/2023,16.08333333
Bananas,1/1/2024,15.275
Bananas,2/1/2024,13.15
Bananas,3/1/2024,16.81666667
Bananas,4/1/2024,14
Bananas,5/1/2024,20
Bananas,6/1/2024,13.33333333
Bananas,7/1/2024,15
Bananas,8/1/2024,15
Bananas,9/1/2024,12.5
Bananas,10/1/2024,15
Bananas,11/1/2024,16.11111111
Bananas,12/1/2024,18
Bananas,1/1/2025,14
Bananas,2/1/2025,17.38142857
Bananas,3/1/2025,18.95875
Beans,1/1/2006,42.59
Beans,2/1/2006,47.1
Beans,3/1/2006,44.69
Beans,4/1/2006,47.85
Beans,5/1/2006,47.68333333
Beans,6/1/2006,39.21333333
Beans,7/1/2006,34.77
Beans,8/1/2006,29.99
Beans,9/1/2006,33.26666667
Beans,10/1/2006,33.37
Beans,11/1/2006,29.9
Beans,12/1/2006,37.735
Beans,1/1/2007,36.67333333
Beans,2/1/2007,32.915
Beans,3/1/2007,38.23333333
Beans,4/1/2007,35.25
Beans,5/1/2007,45.85
Beans,6/1/2007,34.78
Beans,7/1/2007,41.83
Beans,8/1/2007,39.6
Beans,9/1/2007,41.3975
Beans,10/1/2007,44.77
Beans,11/1/2007,43.24666667
Beans,12/1/2007,47.775
Beans,1/1/2008,43.48333333
Beans,2/1/2008,45.925
Beans,3/1/2008,49.78
Beans,4/1/2008,68.95666667
Beans,5/1/2008,57.29
Beans,6/1/2008,53.38333333
Beans,7/1/2008,56.34333333
Beans,8/1/2008,53.99
Beans,9/1/2008,54.306
Beans,10/1/2008,53.35
Beans,11/1/2008,62.53
Beans,12/1/2008,53.604
Beans,1/1/2009,59.205
Beans,2/1/2009,63.57666667
Beans,3/1/2009,48.91
Beans,4/1/2009,58.6
Beans,5/1/2009,57.6125
Beans,6/1/2009,53.395
Beans,7/1/2009,46.66666667
Beans,9/1/2009,49.51
Beans,10/1/2009,56.03
Beans,11/1/2009,57.0175
Beans,12/1/2009,58.062
Beans,1/1/2010,63.485
Beans,2/1/2010,47.26666667
Beans,3/1/2010,58.65
Beans,4/1/2010,49.58
Beans,5/1/2010,50.05333333
Beans,6/1/2010,55.81
Beans,7/1/2010,42.345
Beans,8/1/2010,46.67666667
Beans,9/1/2010,60.2
Beans,10/1/2010,53.93666667
Beans,11/1/2010,48.21666667
Beans,12/1/2010,55.5475
Beans,1/1/2011,56.43333333
Beans,2/1/2011,47.81
Beans,3/1/2011,59.735
Beans,4/1/2011,77.08
Beans,5/1/2011,69.28
Beans,6/1/2011,78.095
Beans,7/1/2011,73.98333333
Beans,8/1/2011,67.4575
Beans,9/1/2011,70.505
Beans,10/1/2011,60.45
Beans,11/1/2011,63.33
Beans,12/1/2011,68.15333333
Beans,1/1/2012,65.72666667
Beans,2/1/2012,57.07
Beans,3/1/2012,65.43
Beans,4/1/2012,69.9525
Beans,5/1/2012,62.86333333
Beans,6/1/2012,76.165
Beans,7/1/2012,63.12666667
Beans,8/1/2012,53.055
Beans,9/1/2012,54.5
Beans,10/1/2012,57.34
Beans,11/1/2012,57.58
Beans,12/1/2012,60.4
Beans,1/1/2013,64.21666667
Beans,2/1/2013,65.5975
Beans,3/1/2013,67.46666667
Beans,4/1/2013,73.705
Beans,5/1/2013,72.9675
Beans,6/1/2013,70.72333333
Beans,7/1/2013,60.83
Beans,8/1/2013,70.25
Beans,9/1/2013,72.192
Beans,10/1/2013,71.51
Beans,11/1/2013,65.87333333
Beans,12/1/2013,72.13333333
Beans,1/1/2014,76.48
Beans,2/1/2014,69.59666667
Beans,3/1/2014,72.61
Beans,4/1/2014,78.905
Beans,5/1/2014,73.935
Beans,6/1/2014,78.27
Beans,7/1/2014,69.11666667
Beans,8/1/2014,73.23666667
Beans,9/1/2014,73.6175
Beans,10/1/2014,67.32666667
Beans,11/1/2014,55.3
Beans,12/1/2014,65.04
Beans,1/1/2015,73.255
Beans,2/1/2015,68.01333333
Beans,3/1/2015,69.16333333
Beans,4/1/2015,76.08
Beans,5/1/2015,77.04
Beans,6/1/2015,77.06
Beans,7/1/2015,64.8
Beans,8/1/2015,58.53333333
Beans,9/1/2015,59.59
Beans,10/1/2015,64.04
Beans,11/1/2015,69.18
Beans,12/1/2015,71.04
Beans,1/1/2016,66.11
Beans,2/1/2016,64.62666667
Beans,3/1/2016,70.52
Beans,4/1/2016,65.43
Beans,5/1/2016,62
Beans,6/1/2016,64.03666667
Beans,7/1/2016,55.9
Beans,8/1/2016,49.525
Beans,9/1/2016,61.21333333
Beans,10/1/2016,62.975
Beans,11/1/2016,61.675
Beans,12/1/2016,69.62333333
Beans,1/1/2017,70.86666667
Beans,2/1/2017,69.945
Beans,3/1/2017,81.28333333
Beans,4/1/2017,89.42
Beans,5/1/2017,87.41
Beans,6/1/2017,76.975
Beans,7/1/2017,75.355
Beans,8/1/2017,80.37333333
Beans,9/1/2017,79.09666667
Beans,10/1/2017,81.60666667
Beans,11/1/2017,76.44
Beans,12/1/2017,76.135
Beans,1/1/2018,78.048
Beans,2/1/2018,66.03666667
Beans,3/1/2018,67.17
Beans,4/1/2018,62.81
Beans,5/1/2018,62.31333333
Beans,6/1/2018,53.045
Beans,7/1/2018,48.91666667
Beans,8/1/2018,45.67333333
Beans,9/1/2018,54.18666667
Beans,10/1/2018,58.735
Beans,11/1/2018,54.68
Beans,12/1/2018,56.0375
Beans,2/1/2019,53.36
Beans,3/1/2019,51.23
Beans,4/1/2019,63.65
Beans,5/1/2019,70.09
Beans,6/1/2019,70.12
Beans,7/1/2019,82.785
Beans,9/1/2019,57.64
Beans,4/1/2020,78.41
Beans,1/1/2021,59.68
Beans,2/1/2021,60.16
Beans,3/1/2021,60.16
Beans,6/1/2021,65.81
Beans,8/1/2021,60.93
Beans,9/1/2021,60.05
Beans,10/1/2021,64.79
Beans (Dolichos),1/1/2021,8451
Beans (Dolichos),2/1/2021,7999
Beans (Dolichos),3/1/2021,8910
Beans (Dolichos),4/1/2021,9495
Beans (Dolichos),5/1/2021,7880.4
Beans (Dolichos),6/1/2021,7671.6
Beans (Dolichos),7/1/2021,7916.625
Beans (Dolichos),9/1/2021,10237.5
Beans (Dolichos),10/1/2021,7980.75
Beans (Dolichos),11/1/2021,9220.5
Beans (Dolichos),12/1/2021,9647.4
Beans (Dolichos),1/1/2022,8794.4
Beans (Dolichos),2/1/2022,7132.5
Beans (Dolichos),3/1/2022,8089.25
Beans (Dolichos),4/1/2022,9375
Beans (Dolichos),5/1/2022,10056.9375
Beans (Dolichos),6/1/2022,11596.28571
Beans (Dolichos),7/1/2022,11857
Beans (Dolichos),8/1/2022,10780.02
Beans (Dolichos),9/1/2022,10335.9375
Beans (Dolichos),10/1/2022,11774.6625
Beans (Dolichos),11/1/2022,12221
Beans (Dolichos),12/1/2022,12379.5
Beans (Dolichos),1/1/2023,13970.4
Beans (Dolichos),2/1/2023,14016.5
Beans (Dolichos),3/1/2023,14245
Beans (Dolichos),5/1/2023,14617.725
Beans (Dolichos),6/1/2023,14458
Beans (Dolichos),7/1/2023,14588.83333
Beans (Dolichos),9/1/2023,13500
Beans (Dolichos),10/1/2023,13500
Beans (Dolichos),12/1/2023,15498
Beans (Dolichos),1/1/2024,15717
Beans (Dolichos),2/1/2024,16342.2
Beans (Dolichos),3/1/2024,15550.2
Beans (Dolichos),4/1/2024,13400.1
Beans (Dolichos),5/1/2024,8400
Beans (Dolichos),6/1/2024,1500
Beans (Dolichos),7/1/2024,7471
Beans (Dolichos),1/1/2025,7785.9
Beans (Dolichos),2/1/2025,7340.04
Beans (Dry),1/1/2006,2279.333333
Beans (Dry),2/1/2006,3345
Beans (Dry),3/1/2006,2370.666667
Beans (Dry),4/1/2006,2937
Beans (Dry),5/1/2006,3931.65
Beans (Dry),6/1/2006,2418.85
Beans (Dry),7/1/2006,2003.666667
Beans (Dry),8/1/2006,1975
Beans (Dry),9/1/2006,2247.4375
Beans (Dry),10/1/2006,1985.583333
Beans (Dry),11/1/2006,2131.25
Beans (Dry),12/1/2006,2336.9375
Beans (Dry),1/1/2007,2218.5
Beans (Dry),2/1/2007,1541.25
Beans (Dry),3/1/2007,1941.293333
Beans (Dry),4/1/2007,1815
Beans (Dry),5/1/2007,3074.746667
Beans (Dry),6/1/2007,2378.11
Beans (Dry),7/1/2007,3434.956667
Beans (Dry),8/1/2007,3186.666667
Beans (Dry),9/1/2007,2347.625
Beans (Dry),10/1/2007,1891
Beans (Dry),11/1/2007,2697.5
Beans (Dry),12/1/2007,4350
Beans (Dry),2/1/2008,3813.333333
Beans (Dry),3/1/2008,5493.333333
Beans (Dry),4/1/2008,5417.666667
Beans (Dry),5/1/2008,3951.75
Beans (Dry),6/1/2008,3310.666667
Beans (Dry),7/1/2008,4540.025
Beans (Dry),8/1/2008,3274.25
Beans (Dry),9/1/2008,3798.5
Beans (Dry),10/1/2008,4883.223333
Beans (Dry),11/1/2008,3072
Beans (Dry),12/1/2008,3738.625
Beans (Dry),1/1/2009,4406
Beans (Dry),2/1/2009,4565
Beans (Dry),3/1/2009,5157.666667
Beans (Dry),4/1/2009,5014
Beans (Dry),5/1/2009,5296
Beans (Dry),6/1/2009,3190
Beans (Dry),7/1/2009,3352
Beans (Dry),8/1/2009,3700.8
Beans (Dry),9/1/2009,5034.5
Beans (Dry),10/1/2009,5394
Beans (Dry),11/1/2009,3526.666667
Beans (Dry),12/1/2009,3881.4
Beans (Dry),1/1/2010,3415
Beans (Dry),2/1/2010,3481.875
Beans (Dry),3/1/2010,2558.5
Beans (Dry),4/1/2010,3595.1
Beans (Dry),5/1/2010,3337.75
Beans (Dry),6/1/2010,4172
Beans (Dry),7/1/2010,4237
Beans (Dry),8/1/2010,3565
Beans (Dry),9/1/2010,4828
Beans (Dry),10/1/2010,2970
Beans (Dry),11/1/2010,4455
Beans (Dry),12/1/2010,4954
Beans (Dry),1/1/2011,4579.666667
Beans (Dry),2/1/2011,4035.8
Beans (Dry),3/1/2011,2975
Beans (Dry),4/1/2011,7079
Beans (Dry),5/1/2011,5304
Beans (Dry),6/1/2011,4867.5
Beans (Dry),7/1/2011,4091.666667
Beans (Dry),8/1/2011,4506.333333
Beans (Dry),9/1/2011,3870.333333
Beans (Dry),10/1/2011,3756.49
Beans (Dry),11/1/2011,4882.706
Beans (Dry),12/1/2011,5146.5
Beans (Dry),1/1/2012,5642.5
Beans (Dry),2/1/2012,3547.333333
Beans (Dry),3/1/2012,4612.3275
Beans (Dry),4/1/2012,5086.8375
Beans (Dry),5/1/2012,4809.286667
Beans (Dry),6/1/2012,7616.666667
Beans (Dry),7/1/2012,4363.333333
Beans (Dry),8/1/2012,4200.333333
Beans (Dry),9/1/2012,4709
Beans (Dry),10/1/2012,4632.25
Beans (Dry),11/1/2012,3760.333333
Beans (Dry),12/1/2012,2963.5
Beans (Dry),1/1/2013,5112
Beans (Dry),2/1/2013,4361.15
Beans (Dry),3/1/2013,6183
Beans (Dry),4/1/2013,4928.666667
Beans (Dry),5/1/2013,5560.8
Beans (Dry),6/1/2013,5058.6
Beans (Dry),7/1/2013,6279.333333
Beans (Dry),8/1/2013,4349.666667
Beans (Dry),9/1/2013,4255.333333
Beans (Dry),10/1/2013,5528.6
Beans (Dry),11/1/2013,6602.5
Beans (Dry),12/1/2013,5160.75
Beans (Dry),1/1/2014,7176.5
Beans (Dry),2/1/2014,4843.1875
Beans (Dry),3/1/2014,5006.333333
Beans (Dry),4/1/2014,7053.333333
Beans (Dry),5/1/2014,7368
Beans (Dry),6/1/2014,6432.666667
Beans (Dry),7/1/2014,4261.75
Beans (Dry),8/1/2014,4804.895
Beans (Dry),9/1/2014,4412.125
Beans (Dry),10/1/2014,6039.813333
Beans (Dry),11/1/2014,6158.335
Beans (Dry),12/1/2014,4655.333333
Beans (Dry),1/1/2015,1906.566667
Beans (Dry),2/1/2015,5438.38
Beans (Dry),3/1/2015,3075.757143
Beans (Dry),4/1/2015,4773.483333
Beans (Dry),5/1/2015,3879.333333
Beans (Dry),6/1/2015,3070
Beans (Dry),7/1/2015,4176.833333
Beans (Dry),8/1/2015,5865
Beans (Dry),9/1/2015,3233.5
Beans (Dry),10/1/2015,2971.875
Beans (Dry),11/1/2015,2993
Beans (Dry),12/1/2015,2341.8
Beans (Dry),1/1/2016,4210.5
Beans (Dry),2/1/2016,3267
Beans (Dry),3/1/2016,3145.6
Beans (Dry),4/1/2016,71
Beans (Dry),5/1/2016,2902.8
Beans (Dry),6/1/2016,1600
Beans (Dry),7/1/2016,2559.4
Beans (Dry),8/1/2016,1322.25
Beans (Dry),9/1/2016,3906.857143
Beans (Dry),10/1/2016,2865.5
Beans (Dry),11/1/2016,5177.666667
Beans (Dry),12/1/2016,3638.666667
Beans (Dry),1/1/2017,3434.033333
Beans (Dry),2/1/2017,3181.6
Beans (Dry),3/1/2017,4103.716667
Beans (Dry),4/1/2017,5979.466667
Beans (Dry),5/1/2017,5523
Beans (Dry),6/1/2017,4287.685714
Beans (Dry),7/1/2017,4117.05
Beans (Dry),8/1/2017,3139.4
Beans (Dry),9/1/2017,4081.311111
Beans (Dry),10/1/2017,3773.185
Beans (Dry),11/1/2017,4671
Beans (Dry),12/1/2017,4690
Beans (Dry),1/1/2018,104.175
Beans (Dry),2/1/2018,3769.575
Beans (Dry),3/1/2018,4694.208333
Beans (Dry),4/1/2018,5320.731429
Beans (Dry),5/1/2018,1869.375
Beans (Dry),6/1/2018,3676.85
Beans (Dry),7/1/2018,3702.55
Beans (Dry),8/1/2018,5054.806
Beans (Dry),9/1/2018,4163.583333
Beans (Dry),10/1/2018,2842.8
Beans (Dry),11/1/2018,4424.428571
Beans (Dry),12/1/2018,3048.1325
Beans (Dry),1/1/2019,3150.857143
Beans (Dry),2/1/2019,3635.75
Beans (Dry),3/1/2019,3185
Beans (Dry),4/1/2019,5472.992857
Beans (Dry),5/1/2019,3815.785714
Beans (Dry),6/1/2019,4554.15
Beans (Dry),7/1/2019,5909.033333
Beans (Dry),8/1/2019,5065.62
Beans (Dry),9/1/2019,4457.02
Beans (Dry),10/1/2019,5170.816667
Beans (Dry),11/1/2019,4039.1
Beans (Dry),12/1/2019,2492.55
Beans (Dry),1/1/2020,2361.708333
Beans (Dry),2/1/2020,4242.875
Beans (Dry),3/1/2020,4526.025
Beans (Dry),4/1/2020,105.5
Beans (Dry),5/1/2020,105.125
Beans (Dry),6/1/2020,119.6
Beans (Dry),7/1/2020,108
Beans (Dry),8/1/2020,106.6
Beans (Dry),9/1/2020,107
Beans (Dry),10/1/2020,103.95
Beans (Dry),11/1/2020,108.5
Beans (Dry),12/1/2020,100.15
Beans (Dry),1/1/2021,94.34571429
Beans (Dry),2/1/2021,113.48
Beans (Dry),3/1/2021,100.7373684
Beans (Dry),4/1/2021,106.3223077
Beans (Dry),5/1/2021,103.7741667
Beans (Dry),6/1/2021,108.4726667
Beans (Dry),7/1/2021,106.4352632
Beans (Dry),8/1/2021,106.0533333
Beans (Dry),9/1/2021,109.128
Beans (Dry),10/1/2021,105.02875
Beans (Dry),11/1/2021,115.2938462
Beans (Dry),12/1/2021,109.2323077
Beans (Dry),1/1/2022,113.068
Beans (Dry),2/1/2022,107.8433333
Beans (Dry),3/1/2022,125
Beans (Dry),1/1/2023,133.3371429
Beans (Dry),2/1/2023,137.1358333
Beans (Dry),3/1/2023,138.015
Beans (Dry),4/1/2023,152.155
Beans (Dry),5/1/2023,161.08125
Beans (Dry),6/1/2023,191.36875
Beans (Dry),7/1/2023,193.1666667
Beans (Dry),10/1/2023,184.665
Beans (Dry),11/1/2023,193.8833333
Beans (Dry),12/1/2023,179.2671429
Beans (Dry),1/1/2024,178.5985714
Beans (Dry),2/1/2024,177.7628571
Beans (Dry),3/1/2024,178.056
Beans (Dry),4/1/2024,161.60375
Beans (Dry),5/1/2024,161.0071429
Beans (Dry),6/1/2024,167.664
Beans (Dry),7/1/2024,143.5514286
Beans (Dry),8/1/2024,145.7855556
Beans (Dry),9/1/2024,154.2857143
Beans (Dry),10/1/2024,139.3457143
Beans (Dry),11/1/2024,152.862
Beans (Dry),12/1/2024,138.0383333
Beans (Dry),1/1/2025,138.986
Beans (Dry),2/1/2025,147.2042857
Beans (Dry),3/1/2025,143.04875
Beans (Kidney),1/1/2021,6141.166667
Beans (Kidney),2/1/2021,7051
Beans (Kidney),3/1/2021,7367.375
Beans (Kidney),4/1/2021,7763.333333
Beans (Kidney),5/1/2021,7773.75
Beans (Kidney),6/1/2021,6172.5
Beans (Kidney),7/1/2021,6750
Beans (Kidney),9/1/2021,7200
Beans (Kidney),10/1/2021,7267
Beans (Kidney),11/1/2021,7313.916667
Beans (Kidney),2/1/2023,9954.31
Beans (Mung),1/1/2021,9000
Beans (Mung),2/1/2021,10800
Beans (Mung),3/1/2021,9600
Beans (Mung),4/1/2021,9534
Beans (Mung),5/1/2021,10899
Beans (Mung),6/1/2021,9218
Beans (Mung),7/1/2021,11048.75
Beans (Mung),9/1/2021,10743
Beans (Mung),10/1/2021,10416
Beans (Mung),11/1/2021,10731.125
Beans (Rosecoco),1/1/2021,7764
Beans (Rosecoco),2/1/2021,8675
Beans (Rosecoco),3/1/2021,7887.375
Beans (Rosecoco),4/1/2021,7981.375
Beans (Rosecoco),5/1/2021,9481
Beans (Rosecoco),6/1/2021,8530.285714
Beans (Rosecoco),7/1/2021,8064
Beans (Rosecoco),9/1/2021,8076
Beans (Rosecoco),10/1/2021,7471.375
Beans (Rosecoco),11/1/2021,7812
Beans (Rosecoco),12/1/2021,7710.888889
Beans (Rosecoco),1/1/2022,7437.25
Beans (Rosecoco),2/1/2022,7132.125
Beans (Rosecoco),3/1/2022,7595.625556
Beans (Rosecoco),4/1/2022,8334.466
Beans (Rosecoco),6/1/2022,9432
Beans (Rosecoco),7/1/2022,9754.428571
Beans (Rosecoco),8/1/2022,9409.34
Beans (Rosecoco),9/1/2022,10012.5
Beans (Rosecoco),10/1/2022,10287.3
Beans (Rosecoco),2/1/2023,12703.5
Beans (Rosecoco),3/1/2023,14202
Beans (Rosecoco),4/1/2023,13806.3
Beans (Rosecoco),5/1/2023,13728.97
Beans (Rosecoco),6/1/2023,14123
Beans (Rosecoco),9/1/2023,13500
Beans (Rosecoco),10/1/2023,13500
Beans (Rosecoco),12/1/2023,12600
Beans (Rosecoco),1/1/2024,12600
Beans (Rosecoco),2/1/2024,10600.2
Beans (Rosecoco),3/1/2024,13446.9
Beans (Rosecoco),5/1/2024,13350
Beans (Rosecoco),9/1/2024,13500
Beans (Rosecoco),2/1/2025,11899.8
Beans (Yellow),1/1/2021,8059.8
Beans (Yellow),2/1/2021,8863.5
Beans (Yellow),3/1/2021,8647
Beans (Yellow),4/1/2021,8350.555556
Beans (Yellow),5/1/2021,8732.576923
Beans (Yellow),6/1/2021,8888.142857
Beans (Yellow),7/1/2021,9213.444444
Beans (Yellow),8/1/2021,8680.75
Beans (Yellow),9/1/2021,9217.555556
Beans (Yellow),10/1/2021,8504.75
Beans (Yellow),11/1/2021,8637.46875
Beans (Yellow),12/1/2021,8421.166667
Beans (Yellow),1/1/2022,8190.125
Beans (Yellow),2/1/2022,8757.166667
Beans (Yellow),3/1/2022,8403.46875
Beans (Yellow),4/1/2022,8430.81
Beans (Yellow),5/1/2022,9163.071429
Beans (Yellow),6/1/2022,9991.818182
Beans (Yellow),7/1/2022,10334
Beans (Yellow),8/1/2022,10757.925
Beans (Yellow),9/1/2022,11246.41875
Beans (Yellow),10/1/2022,13320.975
Beans (Yellow),11/1/2022,13426.66667
Beans (Yellow),12/1/2022,13841.2
Beans (Yellow),1/1/2023,13223.66667
Beans (Yellow),2/1/2023,15050.1
Beans (Yellow),3/1/2023,14216.25
Beans (Yellow),4/1/2023,14581.58571
Beans (Yellow),5/1/2023,15010.41
Beans (Yellow),6/1/2023,15774.14286
Beans (Yellow),7/1/2023,15081.8
Beans (Yellow),2/1/2024,10350
Beans (Yellow),3/1/2024,13874.85
Beans (Yellow),4/1/2024,11766.76667
Beans (Yellow),5/1/2024,13489
Beans (Yellow),6/1/2024,14375
Beans (Yellow),7/1/2024,13112.5
Beans (Yellow),8/1/2024,15750
Beans (Yellow),9/1/2024,14760
Beans (Yellow),1/1/2025,12897.9
Bread,3/1/2006,26
Bread,4/1/2006,26
Bread,6/1/2006,26
Bread,10/1/2006,26
Bread,11/1/2006,27
Bread,12/1/2006,27
Bread,2/1/2007,27
Bread,5/1/2007,27
Bread,6/1/2007,27
Bread,7/1/2007,28
Bread,8/1/2007,28
Bread,9/1/2007,29
Bread,10/1/2007,30
Bread,2/1/2008,33
Bread,5/1/2008,33
Bread,6/1/2008,33
Bread,9/1/2008,34
Bread,1/1/2009,34
Bread,2/1/2009,34
Bread,3/1/2009,34
Bread,6/1/2009,34
Bread,7/1/2009,34
Bread,9/1/2009,33
Bread,10/1/2009,34
Bread,11/1/2009,34
Bread,12/1/2009,34
Bread,1/1/2010,34
Bread,2/1/2010,34
Bread,3/1/2010,34
Bread,6/1/2010,33
Bread,7/1/2010,34
Bread,10/1/2010,38
Bread,12/1/2010,39
Bread,1/1/2011,38
Bread,2/1/2011,38
Bread,5/1/2011,40
Bread,6/1/2011,40
Bread,7/1/2011,41
Bread,8/1/2011,40
Bread,10/1/2011,40
Bread,11/1/2011,41
Bread,12/1/2011,40
Bread,2/1/2012,43
Bread,3/1/2012,45
Bread,4/1/2012,48
Bread,5/1/2012,48
Bread,6/1/2012,45
Bread,7/1/2012,43
Bread,8/1/2012,43
Bread,11/1/2012,38
Bread,12/1/2012,36
Bread,2/1/2013,46
Bread,5/1/2013,45
Bread,7/1/2013,45
Bread,8/1/2013,46
Bread,9/1/2013,48
Bread,11/1/2013,50
Bread,2/1/2014,48.33
Bread,3/1/2014,47.75
Bread,4/1/2014,45
Bread,6/1/2014,46.88
Bread,7/1/2014,45
Bread,8/1/2014,44
Bread,9/1/2014,47
Bread,10/1/2014,50
Bread,11/1/2014,50
Bread,1/1/2015,48
Bread,3/1/2015,50
Bread,4/1/2015,50
Bread,5/1/2015,50
Bread,6/1/2015,50
Bread,7/1/2015,50
Bread,10/1/2015,50
Bread,12/1/2015,50
Bread,2/1/2016,52
Bread,3/1/2016,50
Bread,6/1/2016,48
Bread,7/1/2016,50
Bread,9/1/2016,46
Bread,10/1/2016,45
Bread,1/1/2017,50
Bread,2/1/2017,50
Bread,4/1/2017,50
Bread,5/1/2017,45
Bread,6/1/2017,45
Bread,8/1/2017,45
Bread,9/1/2017,44
Bread,10/1/2017,44
Bread,11/1/2017,44
Bread,12/1/2017,44
Bread,2/1/2018,45
Bread,3/1/2018,45
Bread,5/1/2018,44
Bread,7/1/2018,45
Bread,8/1/2018,45
Bread,9/1/2018,45
Bread,10/1/2018,45
Bread,11/1/2018,45
Bread,12/1/2018,45
Bread,1/1/2019,44
Bread,3/1/2019,44
Bread,5/1/2019,43
Bread,7/1/2019,43
Bread,8/1/2019,43
Bread,10/1/2019,43
Bread,11/1/2019,44
Bread,12/1/2019,44
Bread,1/1/2020,45
Bread,4/1/2020,43
Bread,6/1/2020,44
Bread,7/1/2020,45
Bread,8/1/2020,43
Bread,9/1/2020,44
Bread,10/1/2020,44
Bread,11/1/2020,45
Bread,12/1/2020,45
Cabbage,1/1/2021,1423.133333
Cabbage,2/1/2021,1843.306667
Cabbage,3/1/2021,1717.833333
Cabbage,4/1/2021,3019.727273
Cabbage,5/1/2021,3275.636364
Cabbage,6/1/2021,4451.333333
Cabbage,7/1/2021,4147
Cabbage,8/1/2021,4435.2
Cabbage,9/1/2021,3956.875
Cabbage,10/1/2021,3939.181818
Cabbage,11/1/2021,3236.216667
Cabbage,12/1/2021,2923.571429
Cabbage,1/1/2022,3515.666667
Cabbage,2/1/2022,3145.05
Cabbage,3/1/2022,3149.60625
Cabbage,5/1/2022,3324.76
Cabbage,6/1/2022,3442.3
Cabbage,7/1/2022,3237.5
Cabbage,8/1/2022,2997.666
Cabbage,9/1/2022,3319.224444
Cabbage,10/1/2022,3073.731818
Cabbage,11/1/2022,3605.833333
Cabbage,12/1/2022,2850.666667
Cabbage,1/1/2023,3275
Cabbage,2/1/2023,3189.94375
Cabbage,3/1/2023,4392.333333
Cabbage,4/1/2023,3216.54375
Cabbage,5/1/2023,2770.39
Cabbage,6/1/2023,3462.666667
Cabbage,7/1/2023,2406.222222
Cabbage,8/1/2023,3150
Cabbage,9/1/2023,2520
Cabbage,10/1/2023,3025
Cabbage,12/1/2023,2803.5
Cabbage,1/1/2024,2706.933333
Cabbage,2/1/2024,4548.18
Cabbage,3/1/2024,3078.81
Cabbage,4/1/2024,3088.666667
Cabbage,5/1/2024,2576.4
Cabbage,6/1/2024,1890
Cabbage,7/1/2024,4866.5
Cabbage,8/1/2024,3776
Cabbage,9/1/2024,3506
Cabbage,10/1/2024,2730.42
Cabbage,11/1/2024,2590.56
Cabbage,1/1/2025,2939.58
Cabbage,2/1/2025,2940.21
Cooking Fat,8/1/2020,104
Cooking Fat,1/1/2021,138.89
Cooking Fat,2/1/2021,145.05
Cooking Fat,3/1/2021,155.9733333
Cooking Fat,4/1/2021,172.1955556
Cooking Fat,5/1/2021,165.3333333
Cooking Fat,6/1/2021,189.3
Cooking Fat,7/1/2021,199.9042857
Cooking Fat,8/1/2021,185.81
Cooking Fat,9/1/2021,194.6855556
Cooking Fat,10/1/2021,185.85
Cooking Fat,11/1/2021,207.1666667
Cooking Fat,12/1/2021,200
Cooking Fat,1/1/2022,310
Cooking Fat,2/1/2022,261.665
Cooking Fat,1/1/2023,225
Cooking Fat,6/1/2023,250
Cooking Fat,11/1/2023,200
Cowpea Leaves,1/1/2021,48.5
Cowpea Leaves,2/1/2021,42.33333333
Cowpea Leaves,3/1/2021,32.16666667
Cowpea Leaves,4/1/2021,30
Cowpea Leaves,5/1/2021,25.21428571
Cowpea Leaves,6/1/2021,17
Cowpea Leaves,7/1/2021,35.75
Cowpea Leaves,8/1/2021,30
Cowpeas,1/1/2021,6372
Cowpeas,2/1/2021,7166.833333
Cowpeas,3/1/2021,6696.833333
Cowpeas,4/1/2021,6595.125
Cowpeas,5/1/2021,7862
Cowpeas,6/1/2021,7772.333333
Cowpeas,7/1/2021,7345.5
Cowpeas,9/1/2021,6187.5
Cowpeas,10/1/2021,7399.8
Cowpeas,11/1/2021,8205.75
Cowpeas,12/1/2021,8403.75
Cowpeas,1/1/2022,8748.285714
Cowpeas,2/1/2022,8736.75
Cowpeas,3/1/2022,7977.964286
Cowpeas,4/1/2022,9117.9
Cowpeas,5/1/2022,8634
Cowpeas,6/1/2022,9624
Cowpeas,7/1/2022,9200.25
Cowpeas,8/1/2022,9514.0125
Cowpeas,9/1/2022,10003.1
Cowpeas,10/1/2022,12941.4
Cowpeas,11/1/2022,12191.5
Cowpeas,12/1/2022,10802.2
Cowpeas,1/1/2023,13718
Cowpeas,2/1/2023,10539
Cowpeas,3/1/2023,9450.333333
Cowpeas,4/1/2023,10876.5
Cowpeas,5/1/2023,12483
Cowpeas,6/1/2023,8578
Cowpeas,7/1/2023,9216
Cowpeas,10/1/2023,9000
Cowpeas,12/1/2023,9000
Cowpeas,1/1/2024,9000
Cowpeas,2/1/2024,8194.5
Cowpeas,3/1/2024,7087.5
Cowpeas,4/1/2024,8216.666667
Cowpeas,5/1/2024,7459.666667
Cowpeas,6/1/2024,7425
Cowpeas,7/1/2024,7240
Cowpeas,8/1/2024,4500
Cowpeas,9/1/2024,5400
Cowpeas,10/1/2024,6750
Cowpeas,12/1/2024,8000.1
Cowpeas,2/1/2025,9037.465
Cowpeas,3/1/2025,9000
"Fish (Omena, Dry)",1/1/2021,160
"Fish (Omena, Dry)",2/1/2021,154
"Fish (Omena, Dry)",3/1/2021,140.5
"Fish (Omena, Dry)",5/1/2021,164.75
"Fish (Omena, Dry)",6/1/2021,130
"Fish (Omena, Dry)",7/1/2021,144
"Fish (Omena, Dry)",8/1/2021,133
Fuel (Diesel),7/1/2014,104.67
Fuel (Diesel),7/1/2015,84.56
Fuel (Diesel),9/1/2015,80.94
Fuel (Diesel),12/1/2015,78.51
Fuel (Diesel),1/1/2016,76.7
Fuel (Diesel),2/1/2016,67.88
Fuel (Diesel),4/1/2016,67.21
Fuel (Diesel),5/1/2016,71.34
Fuel (Diesel),8/1/2016,84.51
Fuel (Diesel),11/1/2016,82.17
Fuel (Diesel),12/1/2016,87.2
Fuel (Diesel),1/1/2017,84.23
Fuel (Diesel),5/1/2017,88.05
Fuel (Diesel),8/1/2017,85.86
Fuel (Diesel),11/1/2017,82.17
Fuel (Diesel),1/1/2018,94.82
Fuel (Diesel),3/1/2018,97.86
Fuel (Diesel),4/1/2018,97.86
Fuel (Diesel),5/1/2018,98.64
Fuel (Diesel),6/1/2018,103.6
Fuel (Diesel),7/1/2018,103.25
Fuel (Diesel),9/1/2018,108.1
Fuel (Diesel),11/1/2018,112.83
Fuel (Diesel),12/1/2018,112.28
Fuel (Diesel),1/1/2019,102.24
Fuel (Diesel),3/1/2019,96.61
Fuel (Diesel),4/1/2019,102.13
Fuel (Diesel),5/1/2019,104.37
Fuel (Diesel),6/1/2019,104.72
Fuel (Diesel),7/1/2019,103.88
Fuel (Diesel),8/1/2019,100.6
Fuel (Diesel),10/1/2019,101.96
Fuel (Diesel),11/1/2019,104.61
Fuel (Diesel),12/1/2019,101.78
Fuel (Diesel),2/1/2020,104.45
Fuel (Diesel),3/1/2020,97.56
Fuel (Diesel),8/1/2020,94.63
Fuel (Kerosene),7/1/2014,84.12
Fuel (Kerosene),8/1/2014,83.05
Fuel (Kerosene),4/1/2015,57.21
Fuel (Kerosene),5/1/2015,59.24
Fuel (Kerosene),7/1/2015,62.74
Fuel (Kerosene),8/1/2015,58.94
Fuel (Kerosene),9/1/2015,53.52
Fuel (Kerosene),1/1/2016,46.13
Fuel (Kerosene),2/1/2016,39.62
Fuel (Kerosene),3/1/2016,42.15
Fuel (Kerosene),5/1/2016,47.96
Fuel (Kerosene),6/1/2016,59.01
Fuel (Kerosene),10/1/2016,58.71
Fuel (Kerosene),11/1/2016,62.16
Fuel (Kerosene),12/1/2016,63.56
Fuel (Kerosene),2/1/2017,67.19
Fuel (Kerosene),7/1/2017,65.56
Fuel (Kerosene),8/1/2017,63.42
Fuel (Kerosene),10/1/2017,58.71
Fuel (Kerosene),1/1/2018,74.78
Fuel (Kerosene),2/1/2018,76.75
Fuel (Kerosene),3/1/2018,77.45
Fuel (Kerosene),4/1/2018,76.72
Fuel (Kerosene),5/1/2018,78.22
Fuel (Kerosene),6/1/2018,84.24
Fuel (Kerosene),7/1/2018,85.73
Fuel (Kerosene),8/1/2018,84.95
Fuel (Kerosene),9/1/2018,108.4
Fuel (Kerosene),10/1/2018,108.84
Fuel (Kerosene),11/1/2018,111.83
Fuel (Kerosene),12/1/2018,105.22
Fuel (Kerosene),1/1/2019,101.7
Fuel (Kerosene),7/1/2019,101.97
Fuel (Kerosene),8/1/2019,103.95
Fuel (Kerosene),9/1/2019,100.64
Fuel (Kerosene),11/1/2019,104.06
Fuel (Kerosene),1/1/2020,103.95
Fuel (Kerosene),3/1/2020,77.28
Fuel (Kerosene),5/1/2020,79.77
Fuel (Kerosene),6/1/2020,62.46
Fuel (Kerosene),7/1/2020,65.45
Fuel (Kerosene),9/1/2020,83.15
Fuel (Kerosene),10/1/2020,83.73
Fuel (Kerosene),12/1/2020,83.56
Fuel (Petrol-Gasoline),7/1/2014,115.86
Fuel (Petrol-Gasoline),8/1/2014,116.62
Fuel (Petrol-Gasoline),6/1/2015,98.59
Fuel (Petrol-Gasoline),7/1/2015,98.59
Fuel (Petrol-Gasoline),8/1/2015,103.5
Fuel (Petrol-Gasoline),1/1/2016,88.64
Fuel (Petrol-Gasoline),4/1/2016,81.61
Fuel (Petrol-Gasoline),5/1/2016,85.14
Fuel (Petrol-Gasoline),6/1/2016,87.07
Fuel (Petrol-Gasoline),7/1/2016,92.93
Fuel (Petrol-Gasoline),11/1/2016,94.94
Fuel (Petrol-Gasoline),3/1/2017,101.05
Fuel (Petrol-Gasoline),4/1/2017,98
Fuel (Petrol-Gasoline),5/1/2017,99.59
Fuel (Petrol-Gasoline),7/1/2017,97.1
Fuel (Petrol-Gasoline),8/1/2017,96.08
Fuel (Petrol-Gasoline),10/1/2017,91.56
Fuel (Petrol-Gasoline),12/1/2017,94.2
Fuel (Petrol-Gasoline),3/1/2018,107.46
Fuel (Petrol-Gasoline),6/1/2018,108.81
Fuel (Petrol-Gasoline),7/1/2018,112.2
Fuel (Petrol-Gasoline),9/1/2018,116.7
Fuel (Petrol-Gasoline),10/1/2018,115.73
Fuel (Petrol-Gasoline),11/1/2018,118.11
Fuel (Petrol-Gasoline),12/1/2018,113.54
Fuel (Petrol-Gasoline),1/1/2019,104.21
Fuel (Petrol-Gasoline),2/1/2019,100.09
Fuel (Petrol-Gasoline),3/1/2019,101.35
Fuel (Petrol-Gasoline),4/1/2019,106.6
Fuel (Petrol-Gasoline),5/1/2019,112.03
Fuel (Petrol-Gasoline),6/1/2019,115.05
Fuel (Petrol-Gasoline),8/1/2019,112.53
Fuel (Petrol-Gasoline),10/1/2019,108.05
Fuel (Petrol-Gasoline),3/1/2020,92.87
Fuel (Petrol-Gasoline),4/1/2020,92.87
Fuel (Petrol-Gasoline),5/1/2020,83.33
Fuel (Petrol-Gasoline),6/1/2020,89.1
Fuel (Petrol-Gasoline),7/1/2020,100.48
Fuel (Petrol-Gasoline),9/1/2020,105.43
Fuel (Petrol-Gasoline),10/1/2020,107.27
Kale,8/1/2020,6
Kale,1/1/2021,642.6666667
Kale,2/1/2021,589.1769231
Kale,3/1/2021,910.5
Kale,4/1/2021,1165.888889
Kale,5/1/2021,1195.571429
Kale,6/1/2021,1219.571429
Kale,7/1/2021,1280
Kale,8/1/2021,1346.6
Kale,9/1/2021,947.6
Kale,10/1/2021,1084
Kale,11/1/2021,1305.20875
Kale,12/1/2021,1435.714286
Kale,1/1/2022,1515.166667
Kale,2/1/2022,1456.388889
Kale,3/1/2022,1658.611667
Kale,4/1/2022,1725.59375
Kale,5/1/2022,1634.7925
Kale,6/1/2022,1667.428571
Kale,7/1/2022,1437.666667
Kale,8/1/2022,1933.61
Kale,9/1/2022,1549.093333
Kale,10/1/2022,1388.928571
Kale,11/1/2022,2029.833333
Kale,12/1/2022,1342
Kale,1/1/2023,1348.4
Kale,2/1/2023,2227.354545
Kale,3/1/2023,2142.5
Kale,4/1/2023,1553.9425
Kale,5/1/2023,1166.778889
Kale,6/1/2023,1551.142857
Kale,7/1/2023,1330.142857
Kale,8/1/2023,1825
Kale,9/1/2023,1150
Kale,10/1/2023,1700
Kale,12/1/2023,981.25
Kale,2/1/2024,1500
Kale,3/1/2024,1029.5
Kale,4/1/2024,1515
Kale,5/1/2024,2063
Kale,6/1/2024,2062
Kale,7/1/2024,1575
Kale,8/1/2024,1625
Kale,9/1/2024,1528
Kale,10/1/2024,1750
Kale,11/1/2024,1833.5
Kale,12/1/2024,833.5
Kale,1/1/2025,2000
Maize,1/1/2006,14.8525
Maize,2/1/2006,15.78666667
Maize,3/1/2006,15.4875
Maize,4/1/2006,16.245
Maize,5/1/2006,17.795
Maize,6/1/2006,18.81
Maize,7/1/2006,18.0875
Maize,8/1/2006,16.2825
Maize,9/1/2006,13.175
Maize,10/1/2006,13.0675
Maize,11/1/2006,12.9425
Maize,12/1/2006,13.08333333
Maize,1/1/2007,13.21
Maize,2/1/2007,14.12666667
Maize,3/1/2007,12.6325
Maize,4/1/2007,12.615
Maize,5/1/2007,12.80666667
Maize,6/1/2007,13.405
Maize,7/1/2007,13.68666667
Maize,8/1/2007,13.68
Maize,9/1/2007,13.42666667
Maize,10/1/2007,13.4125
Maize,11/1/2007,13.8475
Maize,12/1/2007,13.305
Maize,1/1/2008,15.51
Maize,2/1/2008,14.25333333
Maize,3/1/2008,14.68666667
Maize,4/1/2008,17.0825
Maize,5/1/2008,21.2575
Maize,6/1/2008,21.6325
Maize,7/1/2008,21.8725
Maize,8/1/2008,22.265
Maize,9/1/2008,23.21
Maize,10/1/2008,24.058
Maize,11/1/2008,24.45
Maize,12/1/2008,24.416
Maize,1/1/2009,23.6225
Maize,2/1/2009,26.94
Maize,3/1/2009,29.06
Maize,4/1/2009,28.2575
Maize,5/1/2009,29.328
Maize,6/1/2009,27.686
Maize,7/1/2009,27.262
Maize,8/1/2009,29.516
Maize,9/1/2009,26.638
Maize,10/1/2009,25.12666667
Maize,11/1/2009,25.39666667
Maize,12/1/2009,24.9425
Maize,1/1/2010,25.564
Maize,2/1/2010,24.0625
Maize,3/1/2010,21.9375
Maize,4/1/2010,21.958
Maize,5/1/2010,19.312
Maize,6/1/2010,18.35
Maize,7/1/2010,15.0025
Maize,8/1/2010,14.54
Maize,9/1/2010,14.822
Maize,10/1/2010,14.1875
Maize,11/1/2010,15.77
Maize,12/1/2010,16.058
Maize,1/1/2011,16.7425
Maize,2/1/2011,20.8625
Maize,3/1/2011,23.0075
Maize,4/1/2011,28.088
Maize,5/1/2011,34.955
Maize,6/1/2011,39.424
Maize,7/1/2011,46.382
Maize,8/1/2011,39.06
Maize,9/1/2011,33.868
Maize,10/1/2011,32.89
Maize,11/1/2011,34.8375
Maize,12/1/2011,35.482
Maize,1/1/2012,35.3225
Maize,2/1/2012,32.34
Maize,3/1/2012,31.90666667
Maize,4/1/2012,32.012
Maize,5/1/2012,37.11
Maize,6/1/2012,39.00333333
Maize,7/1/2012,37.055
Maize,8/1/2012,35.985
Maize,9/1/2012,33.0525
Maize,10/1/2012,32.5075
Maize,11/1/2012,29.78
Maize,12/1/2012,28.83
Maize,1/1/2013,29.63333333
Maize,2/1/2013,30.794
Maize,3/1/2013,31.114
Maize,4/1/2013,31.786
Maize,5/1/2013,32.102
Maize,6/1/2013,32.11
Maize,7/1/2013,29.69
Maize,8/1/2013,29.20666667
Maize,9/1/2013,31.92333333
Maize,10/1/2013,33.055
Maize,11/1/2013,31.2
Maize,12/1/2013,31.04
Maize,1/1/2014,33.8425
Maize,2/1/2014,32.348
Maize,3/1/2014,32.822
Maize,4/1/2014,34.58
Maize,5/1/2014,36.278
Maize,6/1/2014,37.392
Maize,7/1/2014,36.9925
Maize,8/1/2014,32.995
Maize,9/1/2014,30.78
Maize,10/1/2014,28.72
Maize,11/1/2014,27.5775
Maize,12/1/2014,25.852
Maize,1/1/2015,26.506
Maize,2/1/2015,25.6
Maize,3/1/2015,25.5375
Maize,4/1/2015,30.635
Maize,5/1/2015,31.80333333
Maize,6/1/2015,32.27333333
Maize,7/1/2015,31.22
Maize,8/1/2015,33
Maize,9/1/2015,28.7775
Maize,10/1/2015,27.835
Maize,11/1/2015,27.825
Maize,12/1/2015,28.082
Maize,1/1/2016,28.21333333
Maize,2/1/2016,29.0025
Maize,3/1/2016,27.1375
Maize,4/1/2016,28.1
Maize,5/1/2016,28.905
Maize,6/1/2016,30.285
Maize,7/1/2016,31.914
Maize,8/1/2016,31.53
Maize,9/1/2016,30.528
Maize,10/1/2016,31.25
Maize,11/1/2016,31.43
Maize,12/1/2016,31.79
Maize,1/1/2017,37.77
Maize,2/1/2017,39.526
Maize,3/1/2017,46.024
Maize,4/1/2017,48.656
Maize,5/1/2017,52.11
Maize,6/1/2017,51.2625
Maize,7/1/2017,44.608
Maize,8/1/2017,38.934
Maize,9/1/2017,36.386
Maize,10/1/2017,33.744
Maize,11/1/2017,33.088
Maize,12/1/2017,31.728
Maize,1/1/2018,30.2425
Maize,2/1/2018,30.6925
Maize,3/1/2018,30.4575
Maize,4/1/2018,29.77
Maize,5/1/2018,29.382
Maize,6/1/2018,27.71
Maize,7/1/2018,26.562
Maize,8/1/2018,22.188
Maize,9/1/2018,21.952
Maize,10/1/2018,20.5
Maize,11/1/2018,22.116
Maize,12/1/2018,23.554
Maize,1/1/2019,23.9275
Maize,2/1/2019,23.598
Maize,3/1/2019,23.4175
Maize,4/1/2019,30.918
Maize,5/1/2019,38.51
Maize,6/1/2019,39.465
Maize,7/1/2019,41.226
Maize,8/1/2019,39.1025
Maize,9/1/2019,37.2325
Maize,10/1/2019,36.792
Maize,11/1/2019,35.24
Maize,12/1/2019,31.65333333
Maize,1/1/2020,34.8725
Maize,2/1/2020,37.08
Maize,3/1/2020,35.725
Maize,4/1/2020,37.55
Maize,5/1/2020,37.33
Maize,6/1/2020,35.965
Maize,7/1/2020,32.22333333
Maize,8/1/2020,37.1
Maize,9/1/2020,30.22333333
Maize,10/1/2020,26.25
Maize,11/1/2020,24.78
Maize,12/1/2020,26.01
Maize,1/1/2021,39.35888889
Maize,2/1/2021,42.914
Maize,3/1/2021,43.42333333
Maize,4/1/2021,43.08653846
Maize,5/1/2021,39.75666667
Maize,6/1/2021,43.76782609
Maize,7/1/2021,45.64105263
Maize,8/1/2021,48.8784
Maize,9/1/2021,47.6
Maize,10/1/2021,45.69588235
Maize,11/1/2021,45.5655
Maize,12/1/2021,51.19727273
Maize,1/1/2022,48.48583333
Maize,2/1/2022,45.14214286
Maize,3/1/2022,31.25666667
Maize,4/1/2022,36.88
Maize,1/1/2023,67.22
Maize,2/1/2023,67.7375
Maize,3/1/2023,69.16666667
Maize,4/1/2023,75.83333333
Maize,5/1/2023,81.185
Maize,6/1/2023,72.805
Maize,7/1/2023,80.69181818
Maize,10/1/2023,76.41666667
Maize,11/1/2023,70.685
Maize,12/1/2023,65.32714286
Maize,1/1/2024,68.9325
Maize,2/1/2024,70.234
Maize,3/1/2024,73.726
Maize,4/1/2024,57.1925
Maize,5/1/2024,56.98
Maize,6/1/2024,57.58
Maize,7/1/2024,57.21666667
Maize,8/1/2024,56.42181818
Maize,9/1/2024,47.85714286
Maize,10/1/2024,56.475
Maize,11/1/2024,58.055
Maize,12/1/2024,56.95444444
Maize,1/1/2025,53.332
Maize,2/1/2025,56.14444444
Maize,3/1/2025,64.70125
Maize (White),1/1/2006,613.2857143
Maize (White),2/1/2006,344.75
Maize (White),3/1/2006,615.8242857
Maize (White),4/1/2006,339.75
Maize (White),5/1/2006,875.8675
Maize (White),6/1/2006,828.4775
Maize (White),7/1/2006,1235
Maize (White),8/1/2006,920.4166667
Maize (White),9/1/2006,19.5
Maize (White),10/1/2006,275
Maize (White),11/1/2006,651.75
Maize (White),12/1/2006,690.8742857
Maize (White),1/1/2007,624.8333333
Maize (White),2/1/2007,297.2
Maize (White),3/1/2007,525.6642857
Maize (White),4/1/2007,707.334
Maize (White),5/1/2007,328.215
Maize (White),6/1/2007,622.395
Maize (White),7/1/2007,258.982
Maize (White),8/1/2007,613.865
Maize (White),9/1/2007,499.354
Maize (White),10/1/2007,1239.66
Maize (White),11/1/2007,630.2616667
Maize (White),12/1/2007,618.83
Maize (White),1/1/2008,524.4
Maize (White),2/1/2008,861.3333333
Maize (White),3/1/2008,807.1
Maize (White),4/1/2008,644
Maize (White),5/1/2008,1100.5
Maize (White),6/1/2008,1584.458
Maize (White),7/1/2008,745.6183333
Maize (White),8/1/2008,1361.333333
Maize (White),9/1/2008,724.3533333
Maize (White),10/1/2008,1544.111667
Maize (White),11/1/2008,1513.7
Maize (White),12/1/2008,1031.5625
Maize (White),1/1/2009,888.9642857
Maize (White),2/1/2009,1260
Maize (White),3/1/2009,1339.98
Maize (White),4/1/2009,1379
Maize (White),5/1/2009,1151.4
Maize (White),6/1/2009,45.35
Maize (White),7/1/2009,1314.8125
Maize (White),8/1/2009,864.1466667
Maize (White),9/1/2009,551.5
Maize (White),10/1/2009,1363.5
Maize (White),11/1/2009,1543.7
Maize (White),12/1/2009,791
Maize (White),1/1/2010,42.7
Maize (White),2/1/2010,928.3142857
Maize (White),3/1/2010,1609.125
Maize (White),4/1/2010,791.986
Maize (White),5/1/2010,742.7
Maize (White),6/1/2010,840.75
Maize (White),7/1/2010,612.222
Maize (White),8/1/2010,1050.666667
Maize (White),9/1/2010,843.0414286
Maize (White),10/1/2010,961.1666667
Maize (White),11/1/2010,683.94
Maize (White),12/1/2010,1091.4
Maize (White),1/1/2011,942.75
Maize (White),2/1/2011,1008.433333
Maize (White),3/1/2011,1170.666667
Maize (White),4/1/2011,2048
Maize (White),5/1/2011,1291.32
Maize (White),6/1/2011,992.25
Maize (White),7/1/2011,2902.966667
Maize (White),8/1/2011,1699.776667
Maize (White),9/1/2011,2353.25
Maize (White),10/1/2011,968.7666667
Maize (White),11/1/2011,2159.105
Maize (White),12/1/2011,1389.426
Maize (White),1/1/2012,1791.47
Maize (White),2/1/2012,1543.775
Maize (White),3/1/2012,1717.396
Maize (White),4/1/2012,1166.534
Maize (White),5/1/2012,1731.845714
Maize (White),6/1/2012,2016.93
Maize (White),7/1/2012,1432.474286
Maize (White),8/1/2012,1512.12
Maize (White),9/1/2012,1589.25
Maize (White),10/1/2012,1719.374286
Maize (White),11/1/2012,1803.6
Maize (White),12/1/2012,1500.871667
Maize (White),1/1/2013,875.56
Maize (White),2/1/2013,1193.756
Maize (White),3/1/2013,2446
Maize (White),4/1/2013,1843.9
Maize (White),5/1/2013,1473.55
Maize (White),6/1/2013,1440
Maize (White),7/1/2013,1215.6
Maize (White),8/1/2013,1079.888
Maize (White),9/1/2013,1954.271667
Maize (White),10/1/2013,2461.8
Maize (White),11/1/2013,1246.384
Maize (White),12/1/2013,1555.5875
Maize (White),1/1/2014,1401.2
Maize (White),2/1/2014,1541.75
Maize (White),3/1/2014,2560.45
Maize (White),4/1/2014,1644.516667
Maize (White),5/1/2014,1580.505
Maize (White),6/1/2014,1965.4
Maize (White),7/1/2014,1120.783333
Maize (White),8/1/2014,2297.3825
Maize (White),9/1/2014,1778.22
Maize (White),10/1/2014,1351.683333
Maize (White),11/1/2014,1204.45
Maize (White),12/1/2014,1097.69
Maize (White),1/1/2015,1550.02
Maize (White),2/1/2015,901.4222222
Maize (White),3/1/2015,921.8116667
Maize (White),4/1/2015,897.04
Maize (White),5/1/2015,1092.618182
Maize (White),6/1/2015,1061.109091
Maize (White),7/1/2015,795.7614286
Maize (White),8/1/2015,1297.428571
Maize (White),9/1/2015,963.9888889
Maize (White),10/1/2015,1001.168182
Maize (White),11/1/2015,1012.610909
Maize (White),12/1/2015,1015.4375
Maize (White),1/1/2016,1243.125
Maize (White),2/1/2016,802.58
Maize (White),3/1/2016,1047.525
Maize (White),4/1/2016,1287
Maize (White),5/1/2016,1533.888889
Maize (White),6/1/2016,1124.16
Maize (White),7/1/2016,1042.392727
Maize (White),8/1/2016,1143.913846
Maize (White),9/1/2016,828.0818182
Maize (White),10/1/2016,1018.375
Maize (White),11/1/2016,651.9777778
Maize (White),12/1/2016,757.5625
Maize (White),1/1/2017,1429.571429
Maize (White),2/1/2017,1567.777778
Maize (White),3/1/2017,2186.514286
Maize (White),4/1/2017,1481.925
Maize (White),5/1/2017,1740.6125
Maize (White),6/1/2017,1154.7375
Maize (White),7/1/2017,2667
Maize (White),8/1/2017,788.8555556
Maize (White),9/1/2017,1033.181818
Maize (White),10/1/2017,1096.438889
Maize (White),11/1/2017,742.486
Maize (White),12/1/2017,678.7875
Maize (White),1/1/2018,1337.709091
Maize (White),2/1/2018,1409.416667
Maize (White),3/1/2018,1048.06875
Maize (White),4/1/2018,737.2090909
Maize (White),5/1/2018,680.9625
Maize (White),6/1/2018,1197.863636
Maize (White),7/1/2018,1450.228571
Maize (White),8/1/2018,650
Maize (White),9/1/2018,730.1454545
Maize (White),10/1/2018,673.0942857
Maize (White),11/1/2018,473.825
Maize (White),12/1/2018,853.0233333
Maize (White),1/1/2019,369.7285714
Maize (White),2/1/2019,1105.21
Maize (White),3/1/2019,714
Maize (White),4/1/2019,922.589
Maize (White),5/1/2019,1548.333333
Maize (White),6/1/2019,1274.833333
Maize (White),7/1/2019,921.7888889
Maize (White),8/1/2019,1881.875
Maize (White),9/1/2019,1790
Maize (White),10/1/2019,1330.142857
Maize (White),11/1/2019,1226.8875
Maize (White),12/1/2019,1025.655556
Maize (White),1/1/2020,1840.714286
Maize (White),2/1/2020,1588.53125
Maize (White),3/1/2020,952.525
Maize (White),4/1/2020,58.175
Maize (White),5/1/2020,52.16
Maize (White),6/1/2020,60.45
Maize (White),7/1/2020,58.6
Maize (White),8/1/2020,46.75
Maize (White),9/1/2020,48.18333333
Maize (White),10/1/2020,57.16666667
Maize (White),11/1/2020,39.95
Maize (White),12/1/2020,55.65714286
"Maize (White, Dry)",1/1/2021,3127.5
"Maize (White, Dry)",2/1/2021,2788.285714
"Maize (White, Dry)",3/1/2021,2684.833333
"Maize (White, Dry)",4/1/2021,3114.875
"Maize (White, Dry)",5/1/2021,2565.833333
"Maize (White, Dry)",6/1/2021,2825.090909
"Maize (White, Dry)",7/1/2021,2973.2
"Maize (White, Dry)",8/1/2021,3269.25
"Maize (White, Dry)",9/1/2021,3059.25
"Maize (White, Dry)",10/1/2021,3350.875
"Maize (White, Dry)",11/1/2021,2814.642857
"Maize (White, Dry)",12/1/2021,3242.8
"Maize (White, Dry)",1/1/2022,3438
"Maize (White, Dry)",2/1/2022,3239.4375
"Maize (White, Dry)",3/1/2022,3168.225
"Maize (White, Dry)",4/1/2022,3636.988571
"Maize (White, Dry)",5/1/2022,4343.325
"Maize (White, Dry)",6/1/2022,5634.4
"Maize (White, Dry)",7/1/2022,6129.272727
"Maize (White, Dry)",8/1/2022,5904.118571
"Maize (White, Dry)",9/1/2022,5841.12
"Maize (White, Dry)",10/1/2022,5807.1
"Maize (White, Dry)",11/1/2022,5858.714286
"Maize (White, Dry)",12/1/2022,5360.4
"Maize (White, Dry)",1/1/2023,5286.428571
"Maize (White, Dry)",2/1/2023,5797.8125
"Maize (White, Dry)",3/1/2023,6164.333333
"Maize (White, Dry)",4/1/2023,5792.625
"Maize (White, Dry)",5/1/2023,6351.788571
"Maize (White, Dry)",6/1/2023,6864.5
"Maize (White, Dry)",7/1/2023,6613.142857
"Maize (White, Dry)",9/1/2023,4850
"Maize (White, Dry)",10/1/2023,5477.776667
"Maize (White, Dry)",12/1/2023,4239.75
"Maize (White, Dry)",1/1/2024,4151.57
"Maize (White, Dry)",2/1/2024,2982.6
"Maize (White, Dry)",3/1/2024,3483.166667
"Maize (White, Dry)",4/1/2024,3136.5
"Maize (White, Dry)",5/1/2024,3179
"Maize (White, Dry)",6/1/2024,3054.5
"Maize (White, Dry)",7/1/2024,3662.5
"Maize (White, Dry)",8/1/2024,3468.5
"Maize (White, Dry)",9/1/2024,3403
"Maize (White, Dry)",12/1/2024,3950.1
"Maize (White, Dry)",1/1/2025,4233.15
"Maize (White, Dry)",2/1/2025,4337.55
"Maize (White, Dry)",3/1/2025,4433.4
Maize Flour,1/1/2018,102.86
Maize Flour,8/1/2020,62
Maize Flour,1/1/2021,59.94142857
Maize Flour,2/1/2021,62.336
Maize Flour,3/1/2021,64.43142857
Maize Flour,4/1/2021,62.046875
Maize Flour,5/1/2021,61.188125
Maize Flour,6/1/2021,62.85647059
Maize Flour,7/1/2021,64.10846154
Maize Flour,8/1/2021,61.96388889
Maize Flour,9/1/2021,61.04764706
Maize Flour,10/1/2021,61.756
Maize Flour,11/1/2021,62.94071429
Maize Flour,12/1/2021,67.39625
Maize Flour,1/1/2022,63.11375
Maize Flour,2/1/2022,70.31636364
Maize Flour,3/1/2022,80
Maize Flour,11/1/2022,120
Maize Flour,1/1/2023,101.4442857
Maize Flour,2/1/2023,105.2588889
Maize Flour,3/1/2023,108.0957143
Maize Flour,4/1/2023,109.306
Maize Flour,5/1/2023,115.5133333
Maize Flour,6/1/2023,115.42125
Maize Flour,7/1/2023,116.954
Maize Flour,10/1/2023,106.5866667
Maize Flour,11/1/2023,111.1675
Maize Flour,12/1/2023,102.9625
Maize Flour,1/1/2024,100.175
Maize Flour,2/1/2024,99.68666667
Maize Flour,3/1/2024,94.003
Maize Flour,4/1/2024,96.28285714
Maize Flour,5/1/2024,90.16333333
Maize Flour,6/1/2024,87
Maize Flour,7/1/2024,80.2675
Maize Flour,8/1/2024,82.207
Maize Flour,9/1/2024,81.38833333
Maize Flour,10/1/2024,75.08375
Maize Flour,11/1/2024,80.94375
Maize Flour,12/1/2024,84.25
Maize Flour,1/1/2025,83.58
Maize Flour,2/1/2025,85.455
Maize Flour,3/1/2025,86.8775
Meat (Beef),1/1/2021,450
Meat (Beef),2/1/2021,453.96
Meat (Beef),3/1/2021,488.1333333
Meat (Beef),4/1/2021,472.713125
Meat (Beef),5/1/2021,525.7822222
Meat (Beef),6/1/2021,514.0909091
Meat (Beef),7/1/2021,511.1111111
Meat (Beef),8/1/2021,494.1666667
Meat (Beef),9/1/2021,487.56875
Meat (Beef),10/1/2021,521.5754545
Meat (Beef),11/1/2021,515.5555556
Meat (Beef),12/1/2021,520
Meat (Beef),1/1/2022,497.376
Meat (Beef),2/1/2022,491.6666667
Meat (Beef),3/1/2022,500
Meat (Beef),1/1/2023,550
Meat (Beef),2/1/2023,600
Meat (Beef),4/1/2023,600
Meat (Beef),5/1/2023,500
Meat (Beef),7/1/2023,500
Meat (Beef),11/1/2023,625.454
Meat (Beef),12/1/2023,650
Meat (Beef),1/1/2024,600
Meat (Beef),2/1/2024,650
Meat (Beef),3/1/2024,10
Meat (Beef),4/1/2024,600
Meat (Beef),5/1/2024,600
Meat (Beef),6/1/2024,600
Meat (Beef),7/1/2024,570
Meat (Beef),9/1/2024,650
Meat (Beef),10/1/2024,525
Meat (Beef),11/1/2024,587.5
Meat (Beef),12/1/2024,602.7766667
Meat (Beef),1/1/2025,635.4175
Meat (Beef),2/1/2025,600
Meat (Beef),3/1/2025,600
Meat (Camel),2/1/2021,412
Meat (Camel),3/1/2021,430.4085714
Meat (Camel),4/1/2021,490.18
Meat (Camel),5/1/2021,466.665
Meat (Camel),6/1/2021,470.984
Meat (Camel),7/1/2021,465.5725
Meat (Camel),8/1/2021,454.342
Meat (Camel),9/1/2021,456.46
Meat (Camel),10/1/2021,508.3333333
Meat (Camel),11/1/2021,490.3133333
Meat (Camel),12/1/2021,494.08
Meat (Camel),1/1/2022,400
Meat (Camel),2/1/2022,425
Meat (Camel),1/1/2023,400
Meat (Camel),2/1/2023,562.5
Meat (Camel),3/1/2023,490.5633333
Meat (Camel),4/1/2023,556.5766667
Meat (Camel),5/1/2023,533.5725
Meat (Camel),6/1/2023,534.89
Meat (Camel),7/1/2023,450
Meat (Camel),10/1/2023,586.67
Meat (Camel),11/1/2023,500
Meat (Camel),12/1/2023,588.3333333
Meat (Camel),1/1/2024,600
Meat (Camel),2/1/2024,600
Meat (Camel),3/1/2024,600
Meat (Camel),4/1/2024,600
Meat (Camel),5/1/2024,600
Meat (Camel),6/1/2024,616.6666667
Meat (Camel),7/1/2024,608.52
Meat (Camel),8/1/2024,612.77
Meat (Camel),9/1/2024,566.5975
Meat (Camel),10/1/2024,600
Meat (Camel),11/1/2024,586.0471429
Meat (Camel),12/1/2024,607.5433333
Meat (Camel),1/1/2025,600
Meat (Camel),2/1/2025,601.9042857
Meat (Camel),3/1/2025,566.6666667
Meat (Goat),8/1/2020,533.17
Meat (Goat),1/1/2021,550
Meat (Goat),2/1/2021,489.8508333
Meat (Goat),3/1/2021,528.89
Meat (Goat),4/1/2021,518.1316667
Meat (Goat),5/1/2021,500
Meat (Goat),6/1/2021,516.51
Meat (Goat),7/1/2021,503.454
Meat (Goat),8/1/2021,467.395
Meat (Goat),9/1/2021,453.3183333
Meat (Goat),10/1/2021,498.092
Meat (Goat),11/1/2021,484.2766667
Meat (Goat),12/1/2021,520
Meat (Goat),1/1/2022,481.7766667
Meat (Goat),2/1/2022,475
Meat (Goat),1/1/2023,566.6666667
Meat (Goat),2/1/2023,569.445
Meat (Goat),3/1/2023,525
Meat (Goat),4/1/2023,612.5
Meat (Goat),5/1/2023,615.625
Meat (Goat),6/1/2023,550.0866667
Meat (Goat),7/1/2023,601.556
Meat (Goat),10/1/2023,640
Meat (Goat),11/1/2023,715.112
Meat (Goat),12/1/2023,676.3433333
Meat (Goat),1/1/2024,737.5
Meat (Goat),2/1/2024,697.585
Meat (Goat),3/1/2024,600
Meat (Goat),4/1/2024,666.6666667
Meat (Goat),5/1/2024,716.6666667
Meat (Goat),6/1/2024,683.3333333
Meat (Goat),7/1/2024,668.4375
Meat (Goat),8/1/2024,698.385
Meat (Goat),9/1/2024,730.3233333
Meat (Goat),10/1/2024,742.42
Meat (Goat),11/1/2024,691.6675
Meat (Goat),12/1/2024,668.3725
Meat (Goat),1/1/2025,690.2783333
Meat (Goat),2/1/2025,671.25
Meat (Goat),3/1/2025,704.444
"Milk (Camel, Fresh)",1/1/2021,100
"Milk (Camel, Fresh)",2/1/2021,91.11
"Milk (Camel, Fresh)",3/1/2021,94.16666667
"Milk (Camel, Fresh)",4/1/2021,75
"Milk (Camel, Fresh)",5/1/2021,67.5
"Milk (Camel, Fresh)",6/1/2021,110
"Milk (Camel, Fresh)",7/1/2021,60
"Milk (Camel, Fresh)",8/1/2021,96.34
"Milk (Camel, Fresh)",9/1/2021,120.5566667
"Milk (Camel, Fresh)",10/1/2021,80
"Milk (Camel, Fresh)",11/1/2021,88.75
"Milk (Camel, Fresh)",12/1/2021,65
"Milk (Camel, Fresh)",2/1/2022,80
"Milk (Camel, Fresh)",2/1/2023,200
"Milk (Camel, Fresh)",3/1/2023,200.53
"Milk (Camel, Fresh)",5/1/2023,200
"Milk (Camel, Fresh)",10/1/2023,200
"Milk (Camel, Fresh)",11/1/2023,200
"Milk (Camel, Fresh)",12/1/2023,200
"Milk (Camel, Fresh)",4/1/2024,200
"Milk (Camel, Fresh)",6/1/2024,200
"Milk (Camel, Fresh)",8/1/2024,193.55
"Milk (Camel, Fresh)",9/1/2024,200
"Milk (Camel, Fresh)",11/1/2024,200
"Milk (Camel, Fresh)",12/1/2024,220
"Milk (Camel, Fresh)",3/1/2025,200
"Milk (Cow, Fresh)",1/1/2021,80
"Milk (Cow, Fresh)",2/1/2021,58.33333333
"Milk (Cow, Fresh)",4/1/2021,81.42857143
"Milk (Cow, Fresh)",8/1/2021,100
"Milk (Cow, Fresh)",1/1/2022,150
"Milk (Cow, Fresh)",1/1/2024,179.41
"Milk (Cow, Fresh)",2/1/2024,200
"Milk (Cow, Pasteurized)",1/1/2006,22
"Milk (Cow, Pasteurized)",2/1/2006,25
"Milk (Cow, Pasteurized)",6/1/2006,22
"Milk (Cow, Pasteurized)",7/1/2006,22
"Milk (Cow, Pasteurized)",12/1/2006,24
"Milk (Cow, Pasteurized)",1/1/2007,20
"Milk (Cow, Pasteurized)",2/1/2007,20
"Milk (Cow, Pasteurized)",3/1/2007,20
"Milk (Cow, Pasteurized)",4/1/2007,20
"Milk (Cow, Pasteurized)",11/1/2007,23
"Milk (Cow, Pasteurized)",12/1/2007,23
"Milk (Cow, Pasteurized)",2/1/2008,25
"Milk (Cow, Pasteurized)",3/1/2008,25
"Milk (Cow, Pasteurized)",4/1/2008,25
"Milk (Cow, Pasteurized)",6/1/2008,26
"Milk (Cow, Pasteurized)",8/1/2008,24
"Milk (Cow, Pasteurized)",9/1/2008,24
"Milk (Cow, Pasteurized)",10/1/2008,25
"Milk (Cow, Pasteurized)",2/1/2009,27
"Milk (Cow, Pasteurized)",3/1/2009,27
"Milk (Cow, Pasteurized)",5/1/2009,30
"Milk (Cow, Pasteurized)",6/1/2009,30
"Milk (Cow, Pasteurized)",9/1/2009,30
"Milk (Cow, Pasteurized)",11/1/2009,28
"Milk (Cow, Pasteurized)",1/1/2010,26
"Milk (Cow, Pasteurized)",3/1/2010,24
"Milk (Cow, Pasteurized)",6/1/2010,25
"Milk (Cow, Pasteurized)",9/1/2010,30
"Milk (Cow, Pasteurized)",10/1/2010,34
"Milk (Cow, Pasteurized)",11/1/2010,34
"Milk (Cow, Pasteurized)",12/1/2010,34
"Milk (Cow, Pasteurized)",1/1/2011,34
"Milk (Cow, Pasteurized)",2/1/2011,30
"Milk (Cow, Pasteurized)",3/1/2011,32
"Milk (Cow, Pasteurized)",4/1/2011,30
"Milk (Cow, Pasteurized)",5/1/2011,30
"Milk (Cow, Pasteurized)",6/1/2011,30
"Milk (Cow, Pasteurized)",10/1/2011,30
"Milk (Cow, Pasteurized)",3/1/2012,45
"Milk (Cow, Pasteurized)",4/1/2012,48
"Milk (Cow, Pasteurized)",5/1/2012,43
"Milk (Cow, Pasteurized)",9/1/2012,30
"Milk (Cow, Pasteurized)",10/1/2012,35
"Milk (Cow, Pasteurized)",1/1/2013,45
"Milk (Cow, Pasteurized)",2/1/2013,45
"Milk (Cow, Pasteurized)",4/1/2013,39
"Milk (Cow, Pasteurized)",5/1/2013,38
"Milk (Cow, Pasteurized)",6/1/2013,39
"Milk (Cow, Pasteurized)",7/1/2013,40
"Milk (Cow, Pasteurized)",8/1/2013,45
"Milk (Cow, Pasteurized)",10/1/2013,45
"Milk (Cow, Pasteurized)",11/1/2013,45
"Milk (Cow, Pasteurized)",1/1/2014,45
"Milk (Cow, Pasteurized)",3/1/2014,42.5
"Milk (Cow, Pasteurized)",4/1/2014,45
"Milk (Cow, Pasteurized)",5/1/2014,45
"Milk (Cow, Pasteurized)",6/1/2014,43.63
"Milk (Cow, Pasteurized)",8/1/2014,42
"Milk (Cow, Pasteurized)",9/1/2014,45.75
"Milk (Cow, Pasteurized)",10/1/2014,48.85
"Milk (Cow, Pasteurized)",11/1/2014,45
"Milk (Cow, Pasteurized)",12/1/2014,43
"Milk (Cow, Pasteurized)",2/1/2015,43
"Milk (Cow, Pasteurized)",4/1/2015,45
"Milk (Cow, Pasteurized)",5/1/2015,45
"Milk (Cow, Pasteurized)",6/1/2015,45
"Milk (Cow, Pasteurized)",7/1/2015,50
"Milk (Cow, Pasteurized)",8/1/2015,55
"Milk (Cow, Pasteurized)",12/1/2015,50
"Milk (Cow, Pasteurized)",1/1/2016,48
"Milk (Cow, Pasteurized)",8/1/2016,53
"Milk (Cow, Pasteurized)",10/1/2016,48
"Milk (Cow, Pasteurized)",11/1/2016,48
"Milk (Cow, Pasteurized)",4/1/2017,55
"Milk (Cow, Pasteurized)",5/1/2017,50
"Milk (Cow, Pasteurized)",8/1/2017,48
"Milk (Cow, Pasteurized)",9/1/2017,48
"Milk (Cow, Pasteurized)",10/1/2017,48
"Milk (Cow, Pasteurized)",11/1/2017,47.33
"Milk (Cow, Pasteurized)",12/1/2017,46.75
"Milk (Cow, Pasteurized)",1/1/2018,46.33
"Milk (Cow, Pasteurized)",2/1/2018,46
"Milk (Cow, Pasteurized)",3/1/2018,45
"Milk (Cow, Pasteurized)",4/1/2018,45
"Milk (Cow, Pasteurized)",5/1/2018,45
"Milk (Cow, Pasteurized)",6/1/2018,44
"Milk (Cow, Pasteurized)",7/1/2018,44
"Milk (Cow, Pasteurized)",8/1/2018,44
"Milk (Cow, Pasteurized)",9/1/2018,43
"Milk (Cow, Pasteurized)",10/1/2018,43
"Milk (Cow, Pasteurized)",11/1/2018,44
"Milk (Cow, Pasteurized)",12/1/2018,44
"Milk (Cow, Pasteurized)",3/1/2019,44
"Milk (Cow, Pasteurized)",4/1/2019,44
"Milk (Cow, Pasteurized)",5/1/2019,44
"Milk (Cow, Pasteurized)",6/1/2019,44
"Milk (Cow, Pasteurized)",8/1/2019,44
"Milk (Cow, Pasteurized)",9/1/2019,44
"Milk (Cow, Pasteurized)",10/1/2019,44
"Milk (Cow, Pasteurized)",11/1/2019,45
"Milk (Cow, Pasteurized)",12/1/2019,45
"Milk (Cow, Pasteurized)",1/1/2020,45
"Milk (Cow, Pasteurized)",2/1/2020,45
"Milk (Cow, Pasteurized)",5/1/2020,43
"Milk (Cow, Pasteurized)",6/1/2020,43
"Milk (Cow, Pasteurized)",7/1/2020,43
"Milk (Cow, Pasteurized)",9/1/2020,43.95
"Milk (Cow, Pasteurized)",10/1/2020,43.36
"Milk (Cow, Pasteurized)",12/1/2020,48.35
Milk (Uht),8/1/2020,27
Milk (Uht),1/1/2021,53.33333333
Milk (Uht),2/1/2021,62.96
Milk (Uht),3/1/2021,56.27117647
Milk (Uht),4/1/2021,62.69421053
Milk (Uht),5/1/2021,58.81666667
Milk (Uht),6/1/2021,67.97714286
Milk (Uht),7/1/2021,60.42866667
Milk (Uht),8/1/2021,58.15368421
Milk (Uht),9/1/2021,58.565
Milk (Uht),10/1/2021,56.77411765
Milk (Uht),11/1/2021,58.44363636
Milk (Uht),12/1/2021,61.812
Milk (Uht),1/1/2022,63.19181818
Milk (Uht),2/1/2022,65.7
Milk (Uht),1/1/2023,81.875
Milk (Uht),2/1/2023,77.2675
Milk (Uht),3/1/2023,77.32
Milk (Uht),4/1/2023,70.78
Milk (Uht),5/1/2023,76.833
Milk (Uht),6/1/2023,81.875
Milk (Uht),7/1/2023,73.33
Milk (Uht),10/1/2023,81.945
Milk (Uht),11/1/2023,86.6925
Milk (Uht),12/1/2023,83.245
Milk (Uht),1/1/2024,69.29
Milk (Uht),2/1/2024,69.72166667
Milk (Uht),3/1/2024,81.63555556
Milk (Uht),4/1/2024,83.334
Milk (Uht),5/1/2024,96.0425
Milk (Uht),6/1/2024,80
Milk (Uht),7/1/2024,79.44333333
Milk (Uht),8/1/2024,79.1675
Milk (Uht),9/1/2024,89.375
Milk (Uht),10/1/2024,85.334
Milk (Uht),11/1/2024,81.3325
Milk (Uht),12/1/2024,80.41666667
Milk (Uht),1/1/2025,82.7075
Milk (Uht),2/1/2025,85.21
Milk (Uht),3/1/2025,77.9175
Millet (Finger),1/1/2021,6850.25
Millet (Finger),2/1/2021,7153.25
Millet (Finger),3/1/2021,6098.833333
Millet (Finger),5/1/2021,6733.5
Millet (Finger),6/1/2021,9111.2
Millet (Finger),7/1/2021,6600
Millet (Finger),8/1/2021,8573.4
Millet (Finger),9/1/2021,8096
Millet (Finger),10/1/2021,7832.75
Millet (Finger),11/1/2021,8490.107143
Oil (Vegetable),1/1/2006,115
Oil (Vegetable),3/1/2006,108
Oil (Vegetable),4/1/2006,110
Oil (Vegetable),5/1/2006,120
Oil (Vegetable),9/1/2006,120
Oil (Vegetable),10/1/2006,120
Oil (Vegetable),11/1/2006,135
Oil (Vegetable),12/1/2006,140
Oil (Vegetable),3/1/2007,135
Oil (Vegetable),4/1/2007,130
Oil (Vegetable),11/1/2007,135
Oil (Vegetable),12/1/2007,145
Oil (Vegetable),1/1/2008,162
Oil (Vegetable),3/1/2008,173
Oil (Vegetable),4/1/2008,175
Oil (Vegetable),5/1/2008,177
Oil (Vegetable),6/1/2008,180
Oil (Vegetable),7/1/2008,183
Oil (Vegetable),8/1/2008,183
Oil (Vegetable),9/1/2008,183
Oil (Vegetable),10/1/2008,181
Oil (Vegetable),11/1/2008,182
Oil (Vegetable),12/1/2008,180
Oil (Vegetable),3/1/2009,127
Oil (Vegetable),5/1/2009,126
Oil (Vegetable),7/1/2009,126
Oil (Vegetable),8/1/2009,133
Oil (Vegetable),9/1/2009,139
Oil (Vegetable),10/1/2009,140
Oil (Vegetable),12/1/2009,140
Oil (Vegetable),1/1/2010,135
Oil (Vegetable),3/1/2010,137
Oil (Vegetable),4/1/2010,140
Oil (Vegetable),5/1/2010,138
Oil (Vegetable),6/1/2010,156
Oil (Vegetable),7/1/2010,154
Oil (Vegetable),9/1/2010,160
Oil (Vegetable),10/1/2010,182
Oil (Vegetable),11/1/2010,187
Oil (Vegetable),12/1/2010,192
Oil (Vegetable),1/1/2011,196
Oil (Vegetable),2/1/2011,210
Oil (Vegetable),3/1/2011,215
Oil (Vegetable),4/1/2011,225
Oil (Vegetable),5/1/2011,230
Oil (Vegetable),6/1/2011,230
Oil (Vegetable),7/1/2011,225
Oil (Vegetable),9/1/2011,220
Oil (Vegetable),10/1/2011,220
Oil (Vegetable),12/1/2011,220
Oil (Vegetable),2/1/2012,250
Oil (Vegetable),3/1/2012,250
Oil (Vegetable),4/1/2012,230
Oil (Vegetable),5/1/2012,230
Oil (Vegetable),10/1/2012,233
Oil (Vegetable),11/1/2012,240
Oil (Vegetable),1/1/2013,230
Oil (Vegetable),2/1/2013,230
Oil (Vegetable),4/1/2013,230
Oil (Vegetable),5/1/2013,220
Oil (Vegetable),7/1/2013,200
Oil (Vegetable),8/1/2013,199
Oil (Vegetable),10/1/2013,219
Oil (Vegetable),11/1/2013,224
Oil (Vegetable),12/1/2013,180
Oil (Vegetable),1/1/2014,226.25
Oil (Vegetable),3/1/2014,226.25
Oil (Vegetable),5/1/2014,202.25
Oil (Vegetable),6/1/2014,200
Oil (Vegetable),8/1/2014,160
Oil (Vegetable),10/1/2014,221.75
Oil (Vegetable),11/1/2014,222
Oil (Vegetable),12/1/2014,220
Oil (Vegetable),1/1/2015,215
Oil (Vegetable),2/1/2015,208
Oil (Vegetable),3/1/2015,210
Oil (Vegetable),4/1/2015,205
Oil (Vegetable),5/1/2015,200
Oil (Vegetable),6/1/2015,190
Oil (Vegetable),7/1/2015,150
Oil (Vegetable),11/1/2015,175
Oil (Vegetable),2/1/2016,183
Oil (Vegetable),5/1/2016,185
Oil (Vegetable),6/1/2016,185
Oil (Vegetable),7/1/2016,180
Oil (Vegetable),9/1/2016,178
Oil (Vegetable),10/1/2016,176
Oil (Vegetable),11/1/2016,175
Oil (Vegetable),1/1/2017,175
Oil (Vegetable),2/1/2017,180
Oil (Vegetable),4/1/2017,190
Oil (Vegetable),5/1/2017,196
Oil (Vegetable),6/1/2017,198
Oil (Vegetable),8/1/2017,199
Oil (Vegetable),9/1/2017,185
Oil (Vegetable),10/1/2017,185
Oil (Vegetable),12/1/2017,182.5
Oil (Vegetable),2/1/2018,184.67
Oil (Vegetable),3/1/2018,186.67
Oil (Vegetable),5/1/2018,190
Oil (Vegetable),7/1/2018,193
Oil (Vegetable),8/1/2018,192
Oil (Vegetable),9/1/2018,191.45
Oil (Vegetable),10/1/2018,190.5
Oil (Vegetable),11/1/2018,188
Oil (Vegetable),12/1/2018,187.66
Oil (Vegetable),2/1/2019,188.5
Oil (Vegetable),5/1/2019,182.6
Oil (Vegetable),7/1/2019,186.75
Oil (Vegetable),9/1/2019,180
Oil (Vegetable),11/1/2019,185
Oil (Vegetable),1/1/2020,195
Oil (Vegetable),2/1/2020,198
Oil (Vegetable),3/1/2020,195
Oil (Vegetable),4/1/2020,181.75
Oil (Vegetable),6/1/2020,185
Oil (Vegetable),7/1/2020,180
Oil (Vegetable),9/1/2020,143.63
Oil (Vegetable),10/1/2020,141.91
Oil (Vegetable),11/1/2020,147.57
Oil (Vegetable),12/1/2020,156.62
Oil (Vegetable),1/1/2021,180.375
Oil (Vegetable),2/1/2021,198.1418182
Oil (Vegetable),3/1/2021,200.7176
Oil (Vegetable),4/1/2021,198.802
Oil (Vegetable),5/1/2021,204.07
Oil (Vegetable),6/1/2021,213.778
Oil (Vegetable),7/1/2021,227.24
Oil (Vegetable),8/1/2021,218.622
Oil (Vegetable),9/1/2021,214.566
Oil (Vegetable),10/1/2021,222.9831579
Oil (Vegetable),11/1/2021,236.51
Oil (Vegetable),12/1/2021,243.9915385
Oil (Vegetable),1/1/2022,258.465
Oil (Vegetable),2/1/2022,270.63375
Oil (Vegetable),11/1/2022,350
Oil (Vegetable),1/1/2023,282.075
Oil (Vegetable),2/1/2023,292.6028571
Oil (Vegetable),3/1/2023,280.9914286
Oil (Vegetable),4/1/2023,276.6383333
Oil (Vegetable),5/1/2023,257.3233333
Oil (Vegetable),6/1/2023,263.2128571
Oil (Vegetable),7/1/2023,261.7333333
Oil (Vegetable),8/1/2023,259.23
Oil (Vegetable),10/1/2023,284.3883333
Oil (Vegetable),11/1/2023,272.6377778
Oil (Vegetable),12/1/2023,277.3033333
Oil (Vegetable),1/1/2024,284.9633333
Oil (Vegetable),2/1/2024,275.62
Oil (Vegetable),3/1/2024,282.7814286
Oil (Vegetable),4/1/2024,254.20625
Oil (Vegetable),5/1/2024,279.1685714
Oil (Vegetable),6/1/2024,258.9825
Oil (Vegetable),7/1/2024,260.175
Oil (Vegetable),8/1/2024,245.2255556
Oil (Vegetable),9/1/2024,263.699
Oil (Vegetable),10/1/2024,265.764
Oil (Vegetable),11/1/2024,294.28
Oil (Vegetable),12/1/2024,293.4385714
Oil (Vegetable),1/1/2025,297.2075
Oil (Vegetable),2/1/2025,291.5057143
Oil (Vegetable),3/1/2025,299.2528571
Onions (Dry),1/1/2021,554.7
Onions (Dry),2/1/2021,635.6666667
Onions (Dry),3/1/2021,602
Onions (Dry),4/1/2021,686.125
Onions (Dry),5/1/2021,874.1111111
Onions (Dry),6/1/2021,1373
Onions (Dry),7/1/2021,652
Onions (Dry),8/1/2021,625.75
Onions (Dry),9/1/2021,702.125
Onions (Dry),10/1/2021,722
Onions (Dry),11/1/2021,812.0422222
Onions (Dry),12/1/2021,946.2857143
Onions (Dry),1/1/2022,888.125
Onions (Dry),2/1/2022,934.558
Onions (Dry),3/1/2022,974.1516667
Onions (Dry),4/1/2022,1021.3025
Onions (Dry),5/1/2022,1081.76375
Onions (Dry),6/1/2022,872.2857143
Onions (Dry),7/1/2022,790.6
Onions (Dry),8/1/2022,739.09
Onions (Dry),9/1/2022,768.864
Onions (Dry),10/1/2022,791.51
Onions (Dry),11/1/2022,655.8888889
Onions (Dry),12/1/2022,658.1666667
Onions (Dry),1/1/2023,959.3333333
Onions (Dry),2/1/2023,643.2833333
Onions (Dry),3/1/2023,724
Onions (Dry),4/1/2023,701.698
Onions (Dry),5/1/2023,970.96
Onions (Dry),6/1/2023,1177.857143
Onions (Dry),7/1/2023,1364.8
Onions (Dry),8/1/2023,1560
Onions (Dry),9/1/2023,1725.1
Onions (Dry),10/1/2023,1820
Onions (Dry),12/1/2023,1680.13
Onions (Dry),1/1/2024,1634.29
Onions (Dry),2/1/2024,1730.666667
Onions (Dry),3/1/2024,1927
Onions (Dry),4/1/2024,2328
Onions (Dry),5/1/2024,1953
Onions (Dry),6/1/2024,1599
Onions (Dry),7/1/2024,932
Onions (Dry),8/1/2024,718
Onions (Dry),9/1/2024,1014
Onions (Dry),10/1/2024,845
Onions (Dry),11/1/2024,823.29
Onions (Dry),12/1/2024,1200.03
Onions (Dry),2/1/2025,1096.116667
Onions (Dry),3/1/2025,899.99
Onions (Red),8/1/2020,57
Potatoes (Irish),1/1/2006,1162.03
Potatoes (Irish),2/1/2006,1118.3275
Potatoes (Irish),3/1/2006,918.54
Potatoes (Irish),4/1/2006,1618.513333
Potatoes (Irish),5/1/2006,1111.1
Potatoes (Irish),6/1/2006,655.855
Potatoes (Irish),7/1/2006,558.885
Potatoes (Irish),8/1/2006,555.55
Potatoes (Irish),9/1/2006,582.22
Potatoes (Irish),10/1/2006,621.11
Potatoes (Irish),11/1/2006,862.0333333
Potatoes (Irish),12/1/2006,675.825
Potatoes (Irish),1/1/2007,675
Potatoes (Irish),2/1/2007,945.6666667
Potatoes (Irish),3/1/2007,1037.613333
Potatoes (Irish),4/1/2007,1227.015
Potatoes (Irish),5/1/2007,929.16
Potatoes (Irish),6/1/2007,707.86
Potatoes (Irish),7/1/2007,663.16
Potatoes (Irish),8/1/2007,800.82
Potatoes (Irish),9/1/2007,772.69
Potatoes (Irish),10/1/2007,1093.5725
Potatoes (Irish),11/1/2007,1059.255
Potatoes (Irish),12/1/2007,989.1166667
Potatoes (Irish),1/1/2008,1158.78
Potatoes (Irish),2/1/2008,1065.97
Potatoes (Irish),3/1/2008,1463.7
Potatoes (Irish),4/1/2008,1557.5
Potatoes (Irish),5/1/2008,1102.33
Potatoes (Irish),6/1/2008,1125.15
Potatoes (Irish),7/1/2008,1210.74
Potatoes (Irish),8/1/2008,954.6925
Potatoes (Irish),9/1/2008,1099.26
Potatoes (Irish),10/1/2008,1204.446667
Potatoes (Irish),12/1/2008,1310.18
Potatoes (Irish),1/1/2009,1230.55
Potatoes (Irish),2/1/2009,1604.855
Potatoes (Irish),3/1/2009,1812.236667
Potatoes (Irish),4/1/2009,2288.885
Potatoes (Irish),5/1/2009,2074.165
Potatoes (Irish),6/1/2009,1483.7475
Potatoes (Irish),7/1/2009,1347.77
Potatoes (Irish),8/1/2009,989.4375
Potatoes (Irish),9/1/2009,1427.77
Potatoes (Irish),10/1/2009,1543.883333
Potatoes (Irish),11/1/2009,1649.44
Potatoes (Irish),12/1/2009,1583.14
Potatoes (Irish),1/1/2010,1394.995
Potatoes (Irish),2/1/2010,729.99
Potatoes (Irish),3/1/2010,852.4033333
Potatoes (Irish),4/1/2010,887.215
Potatoes (Irish),5/1/2010,1133.696667
Potatoes (Irish),6/1/2010,1124.07
Potatoes (Irish),7/1/2010,1303.325
Potatoes (Irish),8/1/2010,1811.103333
Potatoes (Irish),9/1/2010,1768.7475
Potatoes (Irish),10/1/2010,1617.956667
Potatoes (Irish),11/1/2010,1533.605
Potatoes (Irish),12/1/2010,1517.77
Potatoes (Irish),1/1/2011,1755.363333
Potatoes (Irish),2/1/2011,1797.22
Potatoes (Irish),3/1/2011,3197.215
Potatoes (Irish),4/1/2011,2848.7
Potatoes (Irish),5/1/2011,2233.33
Potatoes (Irish),6/1/2011,1386.105
Potatoes (Irish),7/1/2011,1252.3575
Potatoes (Irish),8/1/2011,1562.49
Potatoes (Irish),9/1/2011,1414.806667
Potatoes (Irish),10/1/2011,2008.325
Potatoes (Irish),11/1/2011,1622.215
Potatoes (Irish),12/1/2011,1788.885
Potatoes (Irish),1/1/2012,1902.586667
Potatoes (Irish),2/1/2012,2094.436
Potatoes (Irish),3/1/2012,2478.3275
Potatoes (Irish),4/1/2012,2809.99
Potatoes (Irish),5/1/2012,2583.33
Potatoes (Irish),6/1/2012,2231.9375
Potatoes (Irish),7/1/2012,1724.066667
Potatoes (Irish),8/1/2012,1599.993333
Potatoes (Irish),10/1/2012,1997.77
Potatoes (Irish),11/1/2012,2526.38
Potatoes (Irish),12/1/2012,1883.325
Potatoes (Irish),1/1/2013,2141.105
Potatoes (Irish),2/1/2013,1523.146667
Potatoes (Irish),3/1/2013,2029.16
Potatoes (Irish),4/1/2013,2222.22
Potatoes (Irish),5/1/2013,1737.216667
Potatoes (Irish),6/1/2013,2030.555
Potatoes (Irish),7/1/2013,1467.77
Potatoes (Irish),8/1/2013,1916.655
Potatoes (Irish),9/1/2013,1918.045
Potatoes (Irish),10/1/2013,1870.2675
Potatoes (Irish),11/1/2013,1848.7
Potatoes (Irish),12/1/2013,1917.03
Potatoes (Irish),1/1/2014,1624.44
Potatoes (Irish),2/1/2014,1869.715
Potatoes (Irish),3/1/2014,1835.643333
Potatoes (Irish),4/1/2014,2087.495
Potatoes (Irish),5/1/2014,2497.22
Potatoes (Irish),6/1/2014,1892.495
Potatoes (Irish),7/1/2014,1468.245
Potatoes (Irish),8/1/2014,1902.77
Potatoes (Irish),9/1/2014,1733.513333
Potatoes (Irish),10/1/2014,1791.32
Potatoes (Irish),11/1/2014,1882.405
Potatoes (Irish),12/1/2014,1763.88
Potatoes (Irish),1/1/2015,1294.855
Potatoes (Irish),2/1/2015,1528.693333
Potatoes (Irish),3/1/2015,1382.666667
Potatoes (Irish),4/1/2015,1636.356667
Potatoes (Irish),5/1/2015,1841.053333
Potatoes (Irish),6/1/2015,1411.06
Potatoes (Irish),7/1/2015,984.84
Potatoes (Irish),8/1/2015,1700
Potatoes (Irish),9/1/2015,2406.666667
Potatoes (Irish),10/1/2015,2942
Potatoes (Irish),11/1/2015,2474
Potatoes (Irish),12/1/2015,2864
Potatoes (Irish),1/1/2016,2695
Potatoes (Irish),2/1/2016,1693
Potatoes (Irish),3/1/2016,2929.915
Potatoes (Irish),4/1/2016,2730
Potatoes (Irish),5/1/2016,3041.25
Potatoes (Irish),6/1/2016,3500
Potatoes (Irish),7/1/2016,2677.265
Potatoes (Irish),8/1/2016,2531.734
Potatoes (Irish),9/1/2016,3030
Potatoes (Irish),10/1/2016,3038.333333
Potatoes (Irish),11/1/2016,2686.25
Potatoes (Irish),12/1/2016,2795.333333
Potatoes (Irish),1/1/2017,3079.5
Potatoes (Irish),2/1/2017,2817.8125
Potatoes (Irish),3/1/2017,3012.443333
Potatoes (Irish),4/1/2017,3250.14
Potatoes (Irish),5/1/2017,2983
Potatoes (Irish),6/1/2017,2156
Potatoes (Irish),7/1/2017,1746
Potatoes (Irish),8/1/2017,1734.666667
Potatoes (Irish),9/1/2017,1836
Potatoes (Irish),10/1/2017,2134.165
Potatoes (Irish),11/1/2017,1909.2
Potatoes (Irish),12/1/2017,1737.605
Potatoes (Irish),1/1/2018,1595
Potatoes (Irish),2/1/2018,2485.8325
Potatoes (Irish),3/1/2018,2471.943333
Potatoes (Irish),4/1/2018,2294.27
Potatoes (Irish),5/1/2018,2835.666667
Potatoes (Irish),6/1/2018,2149
Potatoes (Irish),7/1/2018,2323.75
Potatoes (Irish),8/1/2018,3698.666667
Potatoes (Irish),9/1/2018,3024.375
Potatoes (Irish),10/1/2018,3316.666667
Potatoes (Irish),11/1/2018,2675
Potatoes (Irish),12/1/2018,3850
Potatoes (Irish),1/1/2019,1954.333333
Potatoes (Irish),2/1/2019,1556.916667
Potatoes (Irish),3/1/2019,1980
Potatoes (Irish),4/1/2019,2742.8125
Potatoes (Irish),5/1/2019,3895.5
Potatoes (Irish),6/1/2019,4350
Potatoes (Irish),7/1/2019,2680.8325
Potatoes (Irish),8/1/2019,1570.833333
Potatoes (Irish),9/1/2019,2380
Potatoes (Irish),10/1/2019,2513
Potatoes (Irish),11/1/2019,3693.335
Potatoes (Irish),12/1/2019,2281.875
Potatoes (Irish),1/1/2020,2020
Potatoes (Irish),2/1/2020,2616.666667
Potatoes (Irish),3/1/2020,2273.33
Potatoes (Irish),8/1/2020,61
Potatoes (Irish),1/1/2021,50
Potatoes (Irish),2/1/2021,58.338
Potatoes (Irish),3/1/2021,56.988
Potatoes (Irish),4/1/2021,58.45294118
Potatoes (Irish),5/1/2021,55.26941176
Potatoes (Irish),6/1/2021,59.41769231
Potatoes (Irish),7/1/2021,55.17176471
Potatoes (Irish),8/1/2021,56.255
Potatoes (Irish),9/1/2021,50.62538462
Potatoes (Irish),10/1/2021,52.319375
Potatoes (Irish),11/1/2021,63.23294118
Potatoes (Irish),12/1/2021,58.3725
Potatoes (Irish),1/1/2022,57.893
Potatoes (Irish),2/1/2022,63.95571429
Potatoes (Irish),3/1/2022,100
Potatoes (Irish),11/1/2022,50
Potatoes (Irish),1/1/2023,78.696
Potatoes (Irish),2/1/2023,75.68571429
Potatoes (Irish),3/1/2023,82.8425
Potatoes (Irish),4/1/2023,87.33
Potatoes (Irish),5/1/2023,109.5233333
Potatoes (Irish),6/1/2023,68.7775
Potatoes (Irish),7/1/2023,58.035
Potatoes (Irish),8/1/2023,50
Potatoes (Irish),10/1/2023,78.46
Potatoes (Irish),11/1/2023,110.65
Potatoes (Irish),12/1/2023,87.07375
Potatoes (Irish),1/1/2024,70.34333333
Potatoes (Irish),2/1/2024,65.33833333
Potatoes (Irish),3/1/2024,75.968
Potatoes (Irish),4/1/2024,102.332
Potatoes (Irish),5/1/2024,85.36125
Potatoes (Irish),6/1/2024,80.40333333
Potatoes (Irish),7/1/2024,86.975
Potatoes (Irish),8/1/2024,71.16
Potatoes (Irish),9/1/2024,77.12
Potatoes (Irish),10/1/2024,71.86666667
Potatoes (Irish),11/1/2024,79.078
Potatoes (Irish),12/1/2024,76.237
Potatoes (Irish),1/1/2025,69.994
Potatoes (Irish),2/1/2025,81.06666667
Potatoes (Irish),3/1/2025,87.029
"Potatoes (Irish, Red)",1/1/2021,1800
"Potatoes (Irish, Red)",2/1/2021,1435
"Potatoes (Irish, Red)",3/1/2021,1760.833333
"Potatoes (Irish, Red)",4/1/2021,2370.5
"Potatoes (Irish, Red)",6/1/2021,2102.4
"Potatoes (Irish, Red)",7/1/2021,1462.357143
"Potatoes (Irish, Red)",8/1/2021,1430
"Potatoes (Irish, Red)",9/1/2021,1330.25
"Potatoes (Irish, Red)",10/1/2021,1548
"Potatoes (Irish, Red)",11/1/2021,1394.165
"Potatoes (Irish, Red)",12/1/2021,2001.166667
"Potatoes (Irish, Red)",1/1/2022,1908.75
"Potatoes (Irish, Red)",2/1/2022,3151.25
"Potatoes (Irish, Red)",3/1/2022,2073.75
"Potatoes (Irish, Red)",5/1/2022,3104.443333
"Potatoes (Irish, Red)",6/1/2022,3079.333333
"Potatoes (Irish, Red)",7/1/2022,2719.333333
"Potatoes (Irish, Red)",8/1/2022,1855
"Potatoes (Irish, Red)",9/1/2022,2533.446667
"Potatoes (Irish, Red)",10/1/2022,2710.6
"Potatoes (Irish, Red)",11/1/2022,2950.4
"Potatoes (Irish, Red)",12/1/2022,3037.5
"Potatoes (Irish, Red)",1/1/2023,2364
"Potatoes (Irish, Red)",2/1/2023,3298.61
"Potatoes (Irish, Red)",3/1/2023,3325
"Potatoes (Irish, Red)",4/1/2023,4066.67
"Potatoes (Irish, Red)",5/1/2023,4250
"Potatoes (Irish, Red)",6/1/2023,3079
"Potatoes (Irish, Red)",7/1/2023,1885
"Potatoes (Irish, Red)",12/1/2023,2000
"Potatoes (Irish, Red)",1/1/2024,3016.666667
"Potatoes (Irish, Red)",2/1/2024,2468.75
"Potatoes (Irish, Red)",4/1/2024,3000
"Potatoes (Irish, Red)",7/1/2024,2934
"Potatoes (Irish, Red)",8/1/2024,3500
"Potatoes (Irish, Red)",9/1/2024,3750
"Potatoes (Irish, Red)",12/1/2024,2500
"Potatoes (Irish, Red)",2/1/2025,2187.5
"Potatoes (Irish, Red)",3/1/2025,2833.5
"Potatoes (Irish, White)",1/1/2021,1849.5
"Potatoes (Irish, White)",2/1/2021,1776.75
"Potatoes (Irish, White)",3/1/2021,1480.75
"Potatoes (Irish, White)",4/1/2021,1979.5
"Potatoes (Irish, White)",5/1/2021,1621.666667
"Potatoes (Irish, White)",6/1/2021,1753.714286
"Potatoes (Irish, White)",7/1/2021,1508.428571
"Potatoes (Irish, White)",8/1/2021,1260
"Potatoes (Irish, White)",9/1/2021,1257.125
"Potatoes (Irish, White)",10/1/2021,1544.857143
"Potatoes (Irish, White)",11/1/2021,1566.31
"Potatoes (Irish, White)",12/1/2021,1957.75
"Potatoes (Irish, White)",1/1/2022,2123.777778
"Potatoes (Irish, White)",2/1/2022,1992.125
"Potatoes (Irish, White)",3/1/2022,2234.761429
"Potatoes (Irish, White)",5/1/2022,3164.73875
"Potatoes (Irish, White)",6/1/2022,2340.428571
"Potatoes (Irish, White)",7/1/2022,2131.5
"Potatoes (Irish, White)",8/1/2022,1954.844286
"Potatoes (Irish, White)",9/1/2022,2380.333333
"Potatoes (Irish, White)",10/1/2022,3554.67
"Potatoes (Irish, White)",11/1/2022,3637.875
"Potatoes (Irish, White)",12/1/2022,2536
"Potatoes (Irish, White)",1/1/2023,3007.333333
"Potatoes (Irish, White)",2/1/2023,2707.301667
"Potatoes (Irish, White)",3/1/2023,3782.875
"Potatoes (Irish, White)",4/1/2023,3977.202857
"Potatoes (Irish, White)",5/1/2023,4068.57
"Potatoes (Irish, White)",6/1/2023,2719.25
"Potatoes (Irish, White)",7/1/2023,2692.666667
"Potatoes (Irish, White)",8/1/2023,2450
"Potatoes (Irish, White)",9/1/2023,2542.5
"Potatoes (Irish, White)",10/1/2023,3000
"Potatoes (Irish, White)",12/1/2023,3580.556667
"Potatoes (Irish, White)",1/1/2024,3070
"Potatoes (Irish, White)",2/1/2024,2315
"Potatoes (Irish, White)",3/1/2024,4728
"Potatoes (Irish, White)",4/1/2024,2484
"Potatoes (Irish, White)",5/1/2024,2737.666667
"Potatoes (Irish, White)",6/1/2024,2476.5
"Potatoes (Irish, White)",7/1/2024,2812.5
"Potatoes (Irish, White)",8/1/2024,2905.5
"Potatoes (Irish, White)",9/1/2024,2475.5
"Potatoes (Irish, White)",10/1/2024,1944.5
"Potatoes (Irish, White)",12/1/2024,2949.25
"Potatoes (Irish, White)",1/1/2025,4000
"Potatoes (Irish, White)",2/1/2025,2796.43
Rice,1/1/2018,120
Rice,8/1/2020,104
Rice,1/1/2021,91.666
Rice,2/1/2021,101.0325
Rice,3/1/2021,95.84266667
Rice,4/1/2021,101.1873684
Rice,5/1/2021,98.481
Rice,6/1/2021,101.8617647
Rice,7/1/2021,100.3709091
Rice,8/1/2021,97.51578947
Rice,9/1/2021,101.6513636
Rice,10/1/2021,97.292
Rice,11/1/2021,98.85214286
Rice,12/1/2021,99.57222222
Rice,1/1/2022,102.04125
Rice,2/1/2022,114.7788889
Rice,11/1/2022,120
Rice,1/1/2023,135.89
Rice,2/1/2023,137.1028571
Rice,3/1/2023,128.09125
Rice,4/1/2023,140.77
Rice,5/1/2023,138.723
Rice,6/1/2023,125.6575
Rice,7/1/2023,148.69625
Rice,8/1/2023,110.77
Rice,10/1/2023,137.286
Rice,11/1/2023,155.692
Rice,12/1/2023,171.3271429
Rice,1/1/2024,160.1728571
Rice,2/1/2024,169.362
Rice,3/1/2024,165.86125
Rice,4/1/2024,161.0314286
Rice,5/1/2024,152.4457143
Rice,6/1/2024,128.18
Rice,7/1/2024,123.655
Rice,8/1/2024,128.591
Rice,9/1/2024,148.9285714
Rice,10/1/2024,129.93625
Rice,11/1/2024,132.39375
Rice,12/1/2024,113.166
Rice,1/1/2025,114.6185714
Rice,2/1/2025,133.9822222
Rice,3/1/2025,148.42
Rice (Aromatic),1/1/2021,4960
Rice (Aromatic),2/1/2021,5346
Rice (Aromatic),3/1/2021,5949.5
Rice (Aromatic),4/1/2021,6100
Rice (Aromatic),5/1/2021,6187.166667
Rice (Aromatic),6/1/2021,5148.333333
Rice (Aromatic),7/1/2021,6233
Rice (Aromatic),8/1/2021,5871.666667
Rice (Aromatic),9/1/2021,5593.75
Rice (Aromatic),10/1/2021,6238.25
Rice (Aromatic),11/1/2021,6860.973333
Rice (Aromatic),12/1/2021,6029.5
Rice (Aromatic),1/1/2022,5589.4
Rice (Aromatic),2/1/2022,5993.75
Rice (Aromatic),3/1/2022,5710.833333
Rice (Aromatic),4/1/2022,6263.5
Rice (Aromatic),5/1/2022,7011.725714
Rice (Aromatic),6/1/2022,7090.2
Rice (Aromatic),7/1/2022,7358.857143
Rice (Aromatic),8/1/2022,7385.475714
Rice (Aromatic),9/1/2022,8062.166
Rice (Aromatic),10/1/2022,8285
Rice (Aromatic),11/1/2022,8287
Rice (Aromatic),12/1/2022,8866.666667
Rice (Aromatic),1/1/2023,8387
Rice (Aromatic),2/1/2023,8996.3325
Rice (Aromatic),3/1/2023,8083.333333
Rice (Aromatic),4/1/2023,8666.6675
Rice (Aromatic),5/1/2023,8793.75
Rice (Aromatic),6/1/2023,8290
Rice (Aromatic),7/1/2023,8522.166667
Rice (Aromatic),8/1/2023,6825
Rice (Aromatic),9/1/2023,8575
Rice (Aromatic),10/1/2023,8200
Rice (Aromatic),12/1/2023,8666.67
Rice (Aromatic),1/1/2024,8525
Rice (Aromatic),2/1/2024,9000
Rice (Aromatic),4/1/2024,10000
Rice (Aromatic),5/1/2024,8089.5
Rice (Aromatic),6/1/2024,7250
Rice (Aromatic),8/1/2024,9500
Rice (Aromatic),2/1/2025,7687.5
Rice (Aromatic),3/1/2025,7500
"Rice (Imported, Pakistan)",2/1/2021,4850
"Rice (Imported, Pakistan)",3/1/2021,5080
"Rice (Imported, Pakistan)",4/1/2021,4718.4
"Rice (Imported, Pakistan)",6/1/2021,5909.666667
Salt,1/1/2018,10
Salt,1/1/2021,9.857142857
Salt,2/1/2021,10.86375
Salt,3/1/2021,11.976875
Salt,4/1/2021,10.9425
Salt,5/1/2021,10.51133333
Salt,6/1/2021,11.794
Salt,7/1/2021,10.28454545
Salt,8/1/2021,10.32222222
Salt,9/1/2021,10.60666667
Salt,10/1/2021,10.7025
Salt,11/1/2021,11.48785714
Salt,12/1/2021,10.3125
Salt,1/1/2022,10.99583333
Salt,2/1/2022,10.8975
Salt,11/1/2022,10
Salt,1/1/2023,10.20833333
Salt,2/1/2023,10.63142857
Salt,3/1/2023,10
Salt,4/1/2023,10.72
Salt,5/1/2023,10.27777778
Salt,6/1/2023,10.82636364
Salt,7/1/2023,14.589
Salt,10/1/2023,10.315
Salt,11/1/2023,10.45777778
Salt,12/1/2023,10.25875
Salt,1/1/2024,11.805
Salt,2/1/2024,10.155
Salt,3/1/2024,10.39
Salt,4/1/2024,10.2025
Salt,5/1/2024,13.56
Salt,6/1/2024,10
Salt,7/1/2024,10.32444444
Salt,8/1/2024,10.875
Salt,9/1/2024,10.97222222
Salt,10/1/2024,10.55555556
Salt,11/1/2024,10.66714286
Salt,12/1/2024,10.625
Salt,1/1/2025,10
Salt,2/1/2025,10.69444444
Salt,3/1/2025,10.916
Sorghum,1/1/2006,1786.666667
Sorghum,2/1/2006,1701.333333
Sorghum,3/1/2006,1740.1875
Sorghum,4/1/2006,1781.666667
Sorghum,5/1/2006,1400
Sorghum,6/1/2006,1271.11
Sorghum,8/1/2006,1668.75
Sorghum,9/1/2006,1436.25
Sorghum,10/1/2006,1020
Sorghum,11/1/2006,2108
Sorghum,12/1/2006,1400
Sorghum,1/1/2007,1400
Sorghum,2/1/2007,1849.735
Sorghum,3/1/2007,1466.165
Sorghum,4/1/2007,1443.86
Sorghum,5/1/2007,1496.55
Sorghum,6/1/2007,1379.54
Sorghum,7/1/2007,1394.76
Sorghum,8/1/2007,1583.12
Sorghum,9/1/2007,1728.113333
Sorghum,10/1/2007,1518.75
Sorghum,11/1/2007,1426.67
Sorghum,12/1/2007,1427.776667
Sorghum,1/1/2008,1340
Sorghum,2/1/2008,1706.666667
Sorghum,3/1/2008,1891.25
Sorghum,4/1/2008,2056.06
Sorghum,5/1/2008,1651.853333
Sorghum,6/1/2008,1862.5
Sorghum,7/1/2008,1926.19
Sorghum,8/1/2008,2323.81
Sorghum,9/1/2008,2165
Sorghum,10/1/2008,1900
Sorghum,11/1/2008,2652.5
Sorghum,12/1/2008,2532.8125
Sorghum,1/1/2009,2910
Sorghum,2/1/2009,2899
Sorghum,3/1/2009,2831.666667
Sorghum,4/1/2009,2782.223333
Sorghum,5/1/2009,3006.5
Sorghum,6/1/2009,2633.5
Sorghum,7/1/2009,2672.75
Sorghum,8/1/2009,2896
Sorghum,9/1/2009,2891.75
Sorghum,10/1/2009,3042
Sorghum,11/1/2009,3300
Sorghum,12/1/2009,2872.333333
Sorghum,1/1/2010,2633
Sorghum,2/1/2010,2953
Sorghum,3/1/2010,1400
Sorghum,4/1/2010,2772.666667
Sorghum,5/1/2010,2850
Sorghum,6/1/2010,2746
Sorghum,7/1/2010,3011
Sorghum,8/1/2010,2878.5
Sorghum,9/1/2010,3493.333333
Sorghum,10/1/2010,1952
Sorghum,11/1/2010,2175
Sorghum,12/1/2010,2424
Sorghum,1/1/2011,2569
Sorghum,2/1/2011,2133.5
Sorghum,3/1/2011,2904.75
Sorghum,4/1/2011,2851.666667
Sorghum,5/1/2011,2830
Sorghum,6/1/2011,3822.5
Sorghum,7/1/2011,3834.5
Sorghum,8/1/2011,3695
Sorghum,9/1/2011,3200
Sorghum,10/1/2011,4200
Sorghum,11/1/2011,3926.666667
Sorghum,12/1/2011,3622.5
Sorghum,1/1/2012,3687.5
Sorghum,2/1/2012,3634.5
Sorghum,3/1/2012,3228.333333
Sorghum,4/1/2012,2700
Sorghum,5/1/2012,4242.5
Sorghum,6/1/2012,4231
Sorghum,7/1/2012,3805
Sorghum,8/1/2012,3960
Sorghum,9/1/2012,3700
Sorghum,10/1/2012,4500
Sorghum,11/1/2012,3878.25
Sorghum,12/1/2012,3850
Sorghum,1/1/2013,4020
Sorghum,2/1/2013,4090
Sorghum,3/1/2013,4292.666667
Sorghum,4/1/2013,4000
Sorghum,5/1/2013,4416.666667
Sorghum,6/1/2013,3456
Sorghum,7/1/2013,3390
Sorghum,8/1/2013,3125
Sorghum,9/1/2013,3921.5
Sorghum,10/1/2013,4306
Sorghum,11/1/2013,4451.75
Sorghum,12/1/2013,3507.5
Sorghum,1/1/2014,3541.5
Sorghum,2/1/2014,4353.333333
Sorghum,3/1/2014,3634.375
Sorghum,4/1/2014,4116.666667
Sorghum,5/1/2014,3727
Sorghum,6/1/2014,3806.5
Sorghum,7/1/2014,4357.1425
Sorghum,8/1/2014,4231.666667
Sorghum,9/1/2014,4188.5
Sorghum,10/1/2014,4261.113333
Sorghum,11/1/2014,3861.666667
Sorghum,12/1/2014,3880.953333
Sorghum,1/1/2015,4754.5
Sorghum,2/1/2015,4583.75
Sorghum,3/1/2015,4441.25
Sorghum,4/1/2015,4200
Sorghum,5/1/2015,3937.333333
Sorghum,6/1/2015,4134.5
Sorghum,7/1/2015,3566.67
Sorghum,8/1/2015,3650
Sorghum,9/1/2015,4930
Sorghum,10/1/2015,3802.333333
Sorghum,11/1/2015,3989
Sorghum,12/1/2015,3804
Sorghum,1/1/2016,3344.333333
Sorghum,2/1/2016,3654.333333
Sorghum,3/1/2016,3400
Sorghum,4/1/2016,3600
Sorghum,5/1/2016,3012.5
Sorghum,6/1/2016,3600
Sorghum,7/1/2016,4064.19
Sorghum,8/1/2016,4133
Sorghum,9/1/2016,3750
Sorghum,10/1/2016,4038.75
Sorghum,11/1/2016,4036
Sorghum,12/1/2016,3600
Sorghum,1/1/2017,4226.5
Sorghum,2/1/2017,4790
Sorghum,3/1/2017,4866.6
Sorghum,4/1/2017,6216.666667
Sorghum,5/1/2017,5900
Sorghum,6/1/2017,7135
Sorghum,7/1/2017,5799
Sorghum,8/1/2017,5246.5
Sorghum,9/1/2017,5862
Sorghum,10/1/2017,6920.31
Sorghum,11/1/2017,5166.666667
Sorghum,12/1/2017,5400
Sorghum,1/1/2018,4620.5
Sorghum,2/1/2018,4473.333333
Sorghum,3/1/2018,5265.3125
Sorghum,4/1/2018,4727.5
Sorghum,5/1/2018,5126
Sorghum,6/1/2018,4655
Sorghum,7/1/2018,4568.75
Sorghum,8/1/2018,4212.333333
Sorghum,9/1/2018,4496.875
Sorghum,10/1/2018,4166.666667
Sorghum,11/1/2018,4586.875
Sorghum,12/1/2018,4685
Sorghum,1/1/2019,3997
Sorghum,2/1/2019,5400
Sorghum,3/1/2019,4380
Sorghum,4/1/2019,4447.75
Sorghum,5/1/2019,5130
Sorghum,6/1/2019,4805
Sorghum,7/1/2019,5438
Sorghum,8/1/2019,5583.333333
Sorghum,9/1/2019,4700
Sorghum,10/1/2019,4450
Sorghum,11/1/2019,4466.666667
Sorghum,12/1/2019,5253.333333
Sorghum,1/1/2020,4478.125
Sorghum,2/1/2020,5266.666667
Sorghum,3/1/2020,4844.443333
Sorghum,1/1/2021,50
Sorghum,2/1/2021,65.67625
Sorghum,3/1/2021,60.17909091
Sorghum,4/1/2021,64.837
Sorghum,5/1/2021,58.883
Sorghum,6/1/2021,59.86538462
Sorghum,7/1/2021,53.405
Sorghum,8/1/2021,71.07909091
Sorghum,9/1/2021,73.306
Sorghum,10/1/2021,66.86461538
Sorghum,11/1/2021,80
Sorghum,12/1/2021,75.83333333
Sorghum,1/1/2022,70
Sorghum,2/1/2022,96.25
Sorghum,1/1/2023,66.944
Sorghum,2/1/2023,76.11166667
Sorghum,3/1/2023,75
Sorghum,4/1/2023,40
Sorghum,5/1/2023,71.25
Sorghum,6/1/2023,85
Sorghum,7/1/2023,73.23
Sorghum,10/1/2023,76.5
Sorghum,11/1/2023,92.416
Sorghum,12/1/2023,71
Sorghum,1/1/2024,70
Sorghum,2/1/2024,90.27666667
Sorghum,3/1/2024,85
Sorghum,4/1/2024,61.392
Sorghum,5/1/2024,60.21
Sorghum,6/1/2024,54.445
Sorghum,7/1/2024,52.08333333
Sorghum,8/1/2024,66.66666667
Sorghum,9/1/2024,52.5
Sorghum,10/1/2024,56.66666667
Sorghum,11/1/2024,60
Sorghum,12/1/2024,85
Sorghum,1/1/2025,45
Sorghum,2/1/2025,90
Sorghum,3/1/2025,50
Sorghum (Red),1/1/2021,5068.25
Sorghum (Red),2/1/2021,4193.2
Sorghum (Red),3/1/2021,5344
Sorghum (Red),4/1/2021,4866.428571
Sorghum (Red),5/1/2021,4017.4
Sorghum (Red),6/1/2021,4627.8
Sorghum (Red),7/1/2021,4375.8
Sorghum (Red),9/1/2021,4785
Sorghum (Red),10/1/2021,5353.5
Sorghum (Red),11/1/2021,4667.34375
Sorghum (White),1/1/2021,4995
Sorghum (White),2/1/2021,3990
Sorghum (White),3/1/2021,4206.857143
Sorghum (White),4/1/2021,4320
Sorghum (White),5/1/2021,4436.5
Sorghum (White),6/1/2021,5509.2
Sorghum (White),7/1/2021,5017.666667
Sorghum (White),8/1/2021,5598
Sorghum (White),9/1/2021,5947.5
Sorghum (White),10/1/2021,5362.5
Sorghum (White),11/1/2021,5327
Sorghum (White),12/1/2021,5965
Sorghum (White),1/1/2022,4950
Sorghum (White),2/1/2022,6250.5
Sorghum (White),3/1/2022,5222.8125
Sorghum (White),4/1/2022,4500
Sorghum (White),5/1/2022,6649.2
Sorghum (White),6/1/2022,5850
Sorghum (White),7/1/2022,7085.75
Sorghum (White),9/1/2022,7515
Sorghum (White),10/1/2022,7597.5
Sorghum (White),11/1/2022,5903
Sorghum (White),12/1/2022,7125
Sorghum (White),1/1/2023,7650
Sorghum (White),2/1/2023,6092.1
Sorghum (White),3/1/2023,6471
Sorghum (White),4/1/2023,6781
Sorghum (White),5/1/2023,6279.8
Sorghum (White),6/1/2023,7065
Sorghum (White),7/1/2023,6894.666667
Sorghum (White),12/1/2023,5717.5
Sorghum (White),1/1/2024,6942.86
Sorghum (White),2/1/2024,6015.6
Sorghum (White),6/1/2024,6300
Spinach,1/1/2021,21.33333333
Spinach,3/1/2021,26.2
Spinach,5/1/2021,26.125
Spinach,6/1/2021,37.16666667
Spinach,7/1/2021,34
Spinach,8/1/2021,33.25
Sugar,1/1/2018,120
Sugar,8/1/2020,107
Sugar,1/1/2021,108.5714286
Sugar,2/1/2021,115.2238462
Sugar,3/1/2021,109.51
Sugar,4/1/2021,108.3988889
Sugar,5/1/2021,108.7769231
Sugar,6/1/2021,109.3958333
Sugar,7/1/2021,108.0738889
Sugar,8/1/2021,106.327
Sugar,9/1/2021,107.46
Sugar,10/1/2021,107.77875
Sugar,11/1/2021,120.6194118
Sugar,12/1/2021,119.8381818
Sugar,1/1/2022,122.4890909
Sugar,2/1/2022,129.8166667
Sugar,11/1/2022,124
Sugar,1/1/2023,155.6655556
Sugar,2/1/2023,142.43
Sugar,3/1/2023,158.0266667
Sugar,4/1/2023,157.16
Sugar,5/1/2023,209.302
Sugar,6/1/2023,206.0857143
Sugar,7/1/2023,209.253
Sugar,10/1/2023,191.64625
Sugar,11/1/2023,209.8763636
Sugar,12/1/2023,202.2557143
Sugar,1/1/2024,197.4466667
Sugar,2/1/2024,188.285
Sugar,3/1/2024,175.3277778
Sugar,4/1/2024,147.6075
Sugar,5/1/2024,162.2714286
Sugar,6/1/2024,146.9266667
Sugar,7/1/2024,143.4977778
Sugar,8/1/2024,134.8
Sugar,9/1/2024,140.04
Sugar,10/1/2024,132.03875
Sugar,11/1/2024,142.9683333
Sugar,12/1/2024,143.81375
Sugar,1/1/2025,145.38
Sugar,2/1/2025,150.8177778
Sugar,3/1/2025,155.9418182
Tomatoes,1/1/2021,2744.666667
Tomatoes,2/1/2021,3744
Tomatoes,3/1/2021,3074.5
Tomatoes,4/1/2021,3897.5
Tomatoes,5/1/2021,4068.083333
Tomatoes,6/1/2021,3139
Tomatoes,7/1/2021,3019.333333
Tomatoes,8/1/2021,3829.2
Tomatoes,9/1/2021,3547.6
Tomatoes,10/1/2021,3817.6
Tomatoes,11/1/2021,3260.875714
Tomatoes,12/1/2021,3432.4
Tomatoes,1/1/2022,3182.333333
Tomatoes,2/1/2022,3475.490909
Tomatoes,3/1/2022,3310.53375
Tomatoes,4/1/2022,3868.158
Tomatoes,5/1/2022,3739.695714
Tomatoes,6/1/2022,4068
Tomatoes,7/1/2022,3915.333333
Tomatoes,8/1/2022,3874.232857
Tomatoes,9/1/2022,3223.62125
Tomatoes,10/1/2022,3006.907857
Tomatoes,11/1/2022,2999
Tomatoes,12/1/2022,3422.666667
Tomatoes,1/1/2023,3930.142857
Tomatoes,2/1/2023,4374.919
Tomatoes,3/1/2023,3850.285714
Tomatoes,4/1/2023,3778.64
Tomatoes,5/1/2023,3185.598333
Tomatoes,6/1/2023,4749.571429
Tomatoes,7/1/2023,3140.111111
Tomatoes,8/1/2023,3200
Tomatoes,9/1/2023,3747.2
Tomatoes,10/1/2023,4053.333333
Tomatoes,12/1/2023,4231.11
Tomatoes,1/1/2024,3200
Tomatoes,2/1/2024,3200
Tomatoes,3/1/2024,3120
Tomatoes,4/1/2024,3767.333333
Tomatoes,5/1/2024,5280
Tomatoes,6/1/2024,4586.5
Tomatoes,7/1/2024,5724.33
Tomatoes,8/1/2024,2461
Tomatoes,9/1/2024,2712
Tomatoes,12/1/2024,5158.08
Tomatoes,1/1/2025,5851.52
Tomatoes,2/1/2025,8685.76
Tomatoes,3/1/2025,6856.96
Wheat Flour,8/1/2020,62
Wheat Flour,1/1/2021,68.09571429
Wheat Flour,2/1/2021,73.47125
Wheat Flour,3/1/2021,70.64588235
Wheat Flour,4/1/2021,69.566875
Wheat Flour,5/1/2021,69.53692308
Wheat Flour,6/1/2021,69.81166667
Wheat Flour,7/1/2021,68.932
Wheat Flour,8/1/2021,69.23095238
Wheat Flour,9/1/2021,67.303125
Wheat Flour,10/1/2021,72.10333333
Wheat Flour,11/1/2021,73.765
Wheat Flour,12/1/2021,74.35181818
Wheat Flour,1/1/2022,74.53
Wheat Flour,2/1/2022,78.895
Wheat Flour,11/1/2022,120
Wheat Flour,1/1/2023,108.9175
Wheat Flour,2/1/2023,114.79
Wheat Flour,3/1/2023,113.854
Wheat Flour,4/1/2023,111.0975
Wheat Flour,5/1/2023,112.052
Wheat Flour,6/1/2023,108.5985714
Wheat Flour,7/1/2023,111.7357143
Wheat Flour,8/1/2023,110.77
Wheat Flour,10/1/2023,106.88
Wheat Flour,11/1/2023,116.885
Wheat Flour,12/1/2023,119.595
Wheat Flour,1/1/2024,101.56
Wheat Flour,2/1/2024,104.6866667
Wheat Flour,3/1/2024,103.015
Wheat Flour,4/1/2024,100.20875
Wheat Flour,5/1/2024,100.69
Wheat Flour,6/1/2024,95.85166667
Wheat Flour,7/1/2024,92.99545455
Wheat Flour,8/1/2024,89.032
Wheat Flour,9/1/2024,89.64888889
Wheat Flour,10/1/2024,91.04625
Wheat Flour,11/1/2024,91.54333333
Wheat Flour,12/1/2024,89.40428571
Wheat Flour,1/1/2025,89.44666667
Wheat Flour,2/1/2025,90.78571429
Wheat Flour,3/1/2025,88.282
